0	785.0 KB 	 54202	2 ms	168.1 KB 	 1491
1	787.3 KB 	 53590	2 ms	177.3 KB 	 1571
2	785.4 KB 	 53208	23 ms	164.8 KB 	 1439
3	783.0 KB 	 54048	10 ms	167.8 KB 	 1489
4	807.3 KB 	 55529	2 ms	180.2 KB 	 1628
5	793.6 KB 	 53684	2 ms	169.0 KB 	 1502
6	791.2 KB 	 54767	3 ms	172.6 KB 	 1567
7	796.4 KB 	 53855	31 ms	178.3 KB 	 1618
8	800.4 KB 	 54772	28 ms	184.3 KB 	 1693
9	795.4 KB 	 54139	43 ms	179.0 KB 	 1607
10	788.3 KB 	 53880	4 ms	168.7 KB 	 1504
11	802.5 KB 	 55406	24 ms	175.6 KB 	 1593
12	808.6 KB 	 56345	38 ms	183.9 KB 	 1685
13	791.0 KB 	 53786	23 ms	171.5 KB 	 1525
14	786.6 KB 	 54023	17 ms	171.9 KB 	 1559
15	786.1 KB 	 53281	24 ms	169.0 KB 	 1509
16	790.5 KB 	 54058	14 ms	171.1 KB 	 1520
17	800.1 KB 	 54773	34 ms	184.2 KB 	 1697
18	797.6 KB 	 54064	2 ms	174.7 KB 	 1550
19	789.2 KB 	 54186	3 ms	171.1 KB 	 1510
20	815.2 KB 	 56423	4 ms	194.4 KB 	 1834
21	789.2 KB 	 54645	3 ms	161.9 KB 	 1435
22	791.9 KB 	 53672	3 ms	178.7 KB 	 1612
23	788.4 KB 	 53296	6 ms	170.7 KB 	 1533
24	787.0 KB 	 53183	7 ms	168.6 KB 	 1506
25	792.8 KB 	 53280	2 ms	167.9 KB 	 1483
26	794.1 KB 	 54307	2 ms	176.5 KB 	 1583
27	807.1 KB 	 55578	38 ms	177.5 KB 	 1607
28	800.3 KB 	 54353	26 ms	175.3 KB 	 1586
29	802.5 KB 	 54685	2 ms	175.0 KB 	 1571
30	781.9 KB 	 53105	2 ms	174.5 KB 	 1576
31	781.7 KB 	 53923	2 ms	166.3 KB 	 1464
32	798.4 KB 	 53750	30 ms	177.8 KB 	 1626
33	792.1 KB 	 54448	20 ms	173.9 KB 	 1551
34	790.0 KB 	 55084	8 ms	165.1 KB 	 1445
35	789.0 KB 	 53488	6 ms	164.6 KB 	 1451
36	805.0 KB 	 56650	15 ms	186.9 KB 	 1734
37	798.0 KB 	 54925	14 ms	168.4 KB 	 1506
38	782.5 KB 	 53027	24 ms	166.4 KB 	 1470
39	790.5 KB 	 53671	5 ms	179.9 KB 	 1633
40	803.0 KB 	 54589	5 ms	181.5 KB 	 1653
41	802.8 KB 	 55638	13 ms	179.7 KB 	 1633
42	785.4 KB 	 53554	33 ms	171.4 KB 	 1528
43	790.8 KB 	 53600	18 ms	172.8 KB 	 1536
44	790.2 KB 	 53601	2 ms	172.9 KB 	 1557
45	797.9 KB 	 53944	3 ms	179.0 KB 	 1606
46	791.0 KB 	 53989	2 ms	168.6 KB 	 1497
47	792.6 KB 	 54955	3 ms	169.8 KB 	 1530
48	807.7 KB 	 55384	4 ms	184.7 KB 	 1701
49	800.5 KB 	 55283	7 ms	178.7 KB 	 1622
50	805.8 KB 	 55724	8 ms	176.3 KB 	 1595
51	795.4 KB 	 55366	2 ms	178.9 KB 	 1614
52	786.6 KB 	 53747	45 ms	167.8 KB 	 1477
53	793.0 KB 	 54230	10 ms	173.7 KB 	 1542
54	791.0 KB 	 55100	2 ms	171.3 KB 	 1527
55	788.9 KB 	 54441	3 ms	168.0 KB 	 1477
56	791.7 KB 	 53588	2 ms	175.7 KB 	 1585
57	793.4 KB 	 53876	43 ms	168.7 KB 	 1481
58	787.1 KB 	 54138	13 ms	164.0 KB 	 1438
59	790.4 KB 	 54820	28 ms	173.9 KB 	 1558
60	798.6 KB 	 55658	5 ms	169.1 KB 	 1464
61	793.0 KB 	 54315	16 ms	173.5 KB 	 1563
62	800.0 KB 	 55609	28 ms	168.1 KB 	 1488
63	780.7 KB 	 53120	31 ms	161.5 KB 	 1424
64	798.8 KB 	 53877	6 ms	181.1 KB 	 1654
65	798.2 KB 	 54876	5 ms	173.9 KB 	 1561
66	789.8 KB 	 53774	17 ms	168.5 KB 	 1495
67	791.2 KB 	 53945	45 ms	175.5 KB 	 1579
68	795.3 KB 	 54556	2 ms	162.1 KB 	 1414
69	785.7 KB 	 53444	2 ms	172.2 KB 	 1537
70	782.0 KB 	 54152	2 ms	166.9 KB 	 1466
71	793.2 KB 	 54351	3 ms	168.2 KB 	 1478
72	787.5 KB 	 53860	2 ms	178.9 KB 	 1626
73	785.7 KB 	 54047	4 ms	167.4 KB 	 1473
74	798.7 KB 	 53774	5 ms	185.9 KB 	 1703
75	786.1 KB 	 54465	2 ms	171.1 KB 	 1526
76	780.4 KB 	 53259	2 ms	163.3 KB 	 1429
77	789.3 KB 	 53629	45 ms	171.3 KB 	 1516
78	798.2 KB 	 54543	16 ms	180.8 KB 	 1638
79	792.6 KB 	 53922	2 ms	178.5 KB 	 1620
80	786.9 KB 	 54197	8 ms	169.6 KB 	 1523
81	796.7 KB 	 53760	3 ms	178.3 KB 	 1595
82	802.5 KB 	 54788	54 ms	174.0 KB 	 1570
83	784.2 KB 	 53790	36 ms	168.3 KB 	 1485
84	791.1 KB 	 53214	27 ms	174.3 KB 	 1556
85	790.9 KB 	 53412	12 ms	177.4 KB 	 1583
86	792.0 KB 	 54487	10 ms	180.1 KB 	 1635
87	783.6 KB 	 52758	39 ms	168.4 KB 	 1500
88	778.1 KB 	 53016	17 ms	168.8 KB 	 1513
89	793.8 KB 	 54340	5 ms	166.5 KB 	 1479
90	812.9 KB 	 56352	4 ms	190.9 KB 	 1773
91	796.4 KB 	 53749	78 ms	169.7 KB 	 1506
92	782.9 KB 	 53375	48 ms	166.6 KB 	 1480
93	795.3 KB 	 54544	3 ms	169.0 KB 	 1498
94	781.6 KB 	 53157	2 ms	171.5 KB 	 1534
95	783.0 KB 	 53608	2 ms	161.8 KB 	 1416
96	786.5 KB 	 54230	2 ms	169.1 KB 	 1509
97	803.0 KB 	 55188	8 ms	176.9 KB 	 1587
98	789.1 KB 	 54196	5 ms	178.0 KB 	 1619
99	802.3 KB 	 54311	13 ms	184.6 KB 	 1686
100	794.5 KB 	 54157	9 ms	174.3 KB 	 1567
101	800.3 KB 	 54304	3 ms	177.0 KB 	 1593
102	792.3 KB 	 57738	2 ms	173.8 KB 	 1560
103	796.1 KB 	 54615	2 ms	179.1 KB 	 1616
104	816.6 KB 	 55751	2 ms	190.5 KB 	 1765
105	796.5 KB 	 54484	2 ms	181.4 KB 	 1656
106	791.7 KB 	 54306	2 ms	164.8 KB 	 1448
107	795.2 KB 	 54310	42 ms	173.0 KB 	 1541
108	788.4 KB 	 53300	2 ms	166.2 KB 	 1453
109	790.4 KB 	 54447	2 ms	176.9 KB 	 1580
110	787.5 KB 	 53759	2 ms	163.8 KB 	 1423
111	788.7 KB 	 53471	2 ms	175.8 KB 	 1584
112	802.4 KB 	 54889	3 ms	187.1 KB 	 1693
113	783.9 KB 	 52791	2 ms	166.3 KB 	 1458
114	790.6 KB 	 54441	2 ms	168.1 KB 	 1473
115	790.9 KB 	 54140	23 ms	175.5 KB 	 1568
116	785.0 KB 	 53549	29 ms	168.8 KB 	 1501
117	790.4 KB 	 55183	55 ms	175.4 KB 	 1592
118	787.0 KB 	 53912	2 ms	171.7 KB 	 1533
119	772.9 KB 	 52853	2 ms	156.0 KB 	 1326
120	784.5 KB 	 53724	38 ms	166.8 KB 	 1467
121	795.7 KB 	 53947	16 ms	173.0 KB 	 1555
122	789.4 KB 	 54402	61 ms	175.7 KB 	 1581
123	783.7 KB 	 53084	32 ms	171.4 KB 	 1526
124	792.2 KB 	 53446	23 ms	174.5 KB 	 1574
125	795.4 KB 	 53925	41 ms	166.8 KB 	 1468
126	792.9 KB 	 53430	10 ms	174.5 KB 	 1562
127	777.3 KB 	 53119	50 ms	159.7 KB 	 1405
128	787.8 KB 	 53411	51 ms	163.3 KB 	 1442
129	809.4 KB 	 55601	37 ms	186.7 KB 	 1721
130	788.8 KB 	 54612	36 ms	169.6 KB 	 1507
131	793.2 KB 	 54230	3 ms	171.0 KB 	 1510
132	795.0 KB 	 53891	2 ms	169.5 KB 	 1516
133	789.4 KB 	 54828	71 ms	173.1 KB 	 1541
134	788.0 KB 	 53889	53 ms	166.6 KB 	 1481
135	806.1 KB 	 56305	2 ms	176.9 KB 	 1614
136	795.2 KB 	 54333	15 ms	181.7 KB 	 1652
137	783.2 KB 	 53089	49 ms	170.3 KB 	 1507
138	796.6 KB 	 54760	3 ms	171.5 KB 	 1521
139	788.6 KB 	 53278	2 ms	174.7 KB 	 1567
140	804.8 KB 	 56105	26 ms	178.7 KB 	 1622
141	786.3 KB 	 52967	51 ms	173.2 KB 	 1549
142	784.4 KB 	 53910	37 ms	165.0 KB 	 1458
143	793.3 KB 	 53273	64 ms	173.7 KB 	 1548
144	791.3 KB 	 54753	20 ms	178.4 KB 	 1605
145	791.1 KB 	 54901	2 ms	167.7 KB 	 1495
146	796.2 KB 	 54080	3 ms	172.3 KB 	 1532
147	784.6 KB 	 53279	35 ms	171.5 KB 	 1526
148	803.8 KB 	 54279	2 ms	179.6 KB 	 1638
149	788.1 KB 	 52890	2 ms	170.1 KB 	 1522
150	806.3 KB 	 54146	3 ms	183.4 KB 	 1685
151	793.9 KB 	 54786	4 ms	171.3 KB 	 1526
152	795.3 KB 	 53598	2 ms	174.5 KB 	 1564
153	774.6 KB 	 52885	3 ms	162.3 KB 	 1434
154	797.0 KB 	 54402	3 ms	170.7 KB 	 1511
155	801.0 KB 	 53905	11 ms	174.7 KB 	 1565
156	791.9 KB 	 54832	35 ms	171.5 KB 	 1530
157	794.5 KB 	 53929	2 ms	178.3 KB 	 1604
158	788.8 KB 	 54075	5 ms	177.2 KB 	 1589
159	797.8 KB 	 53530	58 ms	174.5 KB 	 1543
160	784.1 KB 	 53244	5 ms	167.9 KB 	 1490
161	789.3 KB 	 54026	8 ms	170.6 KB 	 1532
162	790.3 KB 	 53549	6 ms	172.8 KB 	 1544
163	804.1 KB 	 55342	10 ms	176.3 KB 	 1594
164	800.0 KB 	 55486	2 ms	178.6 KB 	 1622
165	795.7 KB 	 55840	4 ms	168.0 KB 	 1500
166	788.4 KB 	 53158	33 ms	164.6 KB 	 1455
167	787.6 KB 	 53712	4 ms	165.6 KB 	 1471
168	785.9 KB 	 53385	5 ms	169.3 KB 	 1506
169	792.2 KB 	 53515	2 ms	170.8 KB 	 1527
170	779.6 KB 	 53237	4 ms	165.1 KB 	 1480
171	794.2 KB 	 52886	2 ms	172.3 KB 	 1549
172	786.4 KB 	 53841	2 ms	172.3 KB 	 1532
173	793.8 KB 	 54390	50 ms	174.5 KB 	 1567
174	795.2 KB 	 54783	2 ms	172.3 KB 	 1529
175	804.1 KB 	 55392	15 ms	177.5 KB 	 1605
176	791.4 KB 	 53771	5 ms	174.0 KB 	 1547
177	793.4 KB 	 53573	2 ms	176.8 KB 	 1605
178	795.3 KB 	 54671	52 ms	179.4 KB 	 1637
179	791.3 KB 	 53694	2 ms	172.0 KB 	 1544
180	785.4 KB 	 53787	2 ms	169.3 KB 	 1493
181	785.8 KB 	 54058	3 ms	164.7 KB 	 1451
182	785.5 KB 	 53022	25 ms	181.2 KB 	 1653
183	791.7 KB 	 54310	2 ms	169.1 KB 	 1497
184	780.1 KB 	 52982	58 ms	169.5 KB 	 1494
185	790.6 KB 	 54257	3 ms	173.5 KB 	 1549
186	788.3 KB 	 54194	28 ms	173.8 KB 	 1540
187	794.8 KB 	 54484	51 ms	176.5 KB 	 1578
188	797.4 KB 	 54162	5 ms	177.5 KB 	 1606
189	799.8 KB 	 54583	2 ms	175.9 KB 	 1580
190	786.0 KB 	 53148	39 ms	172.5 KB 	 1551
191	792.7 KB 	 53890	7 ms	175.8 KB 	 1566
192	779.9 KB 	 54247	3 ms	170.4 KB 	 1490
193	796.6 KB 	 53703	2 ms	178.3 KB 	 1615
194	788.7 KB 	 53513	44 ms	172.5 KB 	 1539
195	786.8 KB 	 53453	5 ms	171.9 KB 	 1527
196	797.4 KB 	 55229	3 ms	168.8 KB 	 1506
197	782.8 KB 	 53410	18 ms	169.7 KB 	 1520
198	794.4 KB 	 54803	3 ms	169.6 KB 	 1515
199	789.0 KB 	 55075	40 ms	176.5 KB 	 1584
200	789.7 KB 	 53446	8 ms	171.9 KB 	 1555
201	795.3 KB 	 53708	16 ms	172.8 KB 	 1544
202	801.2 KB 	 55013	15 ms	178.8 KB 	 1597
203	791.0 KB 	 53348	2 ms	173.1 KB 	 1519
204	789.5 KB 	 53123	52 ms	166.4 KB 	 1481
205	805.7 KB 	 54936	48 ms	178.9 KB 	 1606
206	796.6 KB 	 54300	23 ms	177.5 KB 	 1603
207	787.7 KB 	 53866	27 ms	172.1 KB 	 1545
208	786.3 KB 	 54086	2 ms	168.5 KB 	 1491
209	788.0 KB 	 54056	2 ms	164.3 KB 	 1443
210	787.1 KB 	 54232	2 ms	171.2 KB 	 1518
211	781.8 KB 	 53013	3 ms	173.3 KB 	 1554
212	791.2 KB 	 54151	49 ms	175.0 KB 	 1554
213	800.8 KB 	 55164	4 ms	177.5 KB 	 1604
214	789.5 KB 	 53287	2 ms	166.0 KB 	 1463
215	796.9 KB 	 53806	11 ms	172.0 KB 	 1563
216	795.5 KB 	 55266	10 ms	173.2 KB 	 1561
217	787.2 KB 	 54057	16 ms	169.2 KB 	 1494
218	788.6 KB 	 54088	2 ms	162.7 KB 	 1426
219	780.7 KB 	 55336	25 ms	169.3 KB 	 1517
220	795.2 KB 	 53899	43 ms	178.2 KB 	 1607
221	793.6 KB 	 54622	36 ms	169.5 KB 	 1504
222	795.3 KB 	 54594	2 ms	175.5 KB 	 1577
223	786.2 KB 	 54239	9 ms	163.7 KB 	 1446
224	786.2 KB 	 54238	33 ms	166.8 KB 	 1472
225	786.5 KB 	 53169	25 ms	170.1 KB 	 1514
226	799.7 KB 	 54373	12 ms	184.7 KB 	 1694
227	801.6 KB 	 53963	3 ms	175.3 KB 	 1577
228	793.2 KB 	 54222	2 ms	176.2 KB 	 1577
229	801.9 KB 	 54758	45 ms	178.4 KB 	 1616
230	793.9 KB 	 55867	2 ms	164.0 KB 	 1459
231	792.2 KB 	 55223	49 ms	172.1 KB 	 1538
232	791.9 KB 	 54253	3 ms	175.9 KB 	 1586
233	795.7 KB 	 55235	2 ms	168.0 KB 	 1498
234	790.9 KB 	 54939	2 ms	170.8 KB 	 1514
235	790.5 KB 	 53329	44 ms	173.5 KB 	 1545
236	792.7 KB 	 53819	5 ms	179.2 KB 	 1629
237	797.7 KB 	 54620	35 ms	169.8 KB 	 1505
238	796.7 KB 	 54333	2 ms	167.2 KB 	 1495
239	789.8 KB 	 54007	6 ms	166.3 KB 	 1466
240	788.8 KB 	 53667	3 ms	172.4 KB 	 1545
241	793.6 KB 	 54025	42 ms	173.6 KB 	 1573
242	799.1 KB 	 54852	9 ms	178.4 KB 	 1614
243	795.5 KB 	 53511	8 ms	177.8 KB 	 1637
244	792.5 KB 	 54374	2 ms	167.1 KB 	 1459
245	799.2 KB 	 55456	5 ms	174.2 KB 	 1551
246	785.6 KB 	 53567	2 ms	168.2 KB 	 1484
247	810.4 KB 	 54756	7 ms	177.6 KB 	 1608
248	781.1 KB 	 53847	3 ms	168.2 KB 	 1500
249	795.5 KB 	 53242	28 ms	181.7 KB 	 1658
250	782.2 KB 	 53491	4 ms	164.0 KB 	 1427
251	802.6 KB 	 55088	6 ms	179.3 KB 	 1644
252	789.3 KB 	 54469	2 ms	165.8 KB 	 1469
253	789.9 KB 	 54376	5 ms	173.2 KB 	 1559
254	799.5 KB 	 54387	4 ms	176.4 KB 	 1605
255	795.6 KB 	 54415	2 ms	176.9 KB 	 1596
256	793.0 KB 	 53881	15 ms	167.9 KB 	 1507
257	793.0 KB 	 54874	4 ms	169.6 KB 	 1517
258	785.0 KB 	 55155	31 ms	166.3 KB 	 1478
259	793.1 KB 	 53894	56 ms	176.7 KB 	 1586
260	796.8 KB 	 54087	19 ms	180.0 KB 	 1630
261	786.5 KB 	 53888	4 ms	175.6 KB 	 1571
262	784.8 KB 	 54362	6 ms	169.4 KB 	 1490
263	799.4 KB 	 53768	26 ms	174.5 KB 	 1577
264	789.3 KB 	 53735	2 ms	171.5 KB 	 1530
265	801.7 KB 	 54874	2 ms	176.2 KB 	 1562
266	789.8 KB 	 53946	4 ms	170.6 KB 	 1505
267	792.5 KB 	 53880	2 ms	173.6 KB 	 1552
268	785.3 KB 	 54851	4 ms	168.5 KB 	 1486
269	782.8 KB 	 54059	2 ms	162.5 KB 	 1411
270	786.1 KB 	 53441	3 ms	166.2 KB 	 1462
271	799.7 KB 	 54941	3 ms	177.8 KB 	 1579
272	776.8 KB 	 53474	8 ms	165.4 KB 	 1447
273	789.9 KB 	 52900	19 ms	178.8 KB 	 1612
274	793.7 KB 	 54563	6 ms	167.3 KB 	 1480
275	787.3 KB 	 54389	2 ms	170.6 KB 	 1537
276	779.9 KB 	 52937	2 ms	167.5 KB 	 1480
277	786.5 KB 	 53940	34 ms	168.4 KB 	 1482
278	791.8 KB 	 54404	31 ms	166.6 KB 	 1464
279	787.8 KB 	 53227	58 ms	172.5 KB 	 1551
280	788.0 KB 	 53160	5 ms	173.2 KB 	 1540
281	800.4 KB 	 55280	5 ms	180.3 KB 	 1626
282	783.8 KB 	 53305	20 ms	166.6 KB 	 1473
283	791.4 KB 	 53632	2 ms	169.2 KB 	 1484
284	788.7 KB 	 53458	39 ms	174.5 KB 	 1563
285	802.7 KB 	 55706	3 ms	174.3 KB 	 1568
286	792.8 KB 	 53406	2 ms	176.5 KB 	 1600
287	794.9 KB 	 53671	14 ms	170.1 KB 	 1523
288	786.9 KB 	 53973	20 ms	168.9 KB 	 1515
289	777.5 KB 	 53050	22 ms	164.9 KB 	 1457
290	784.6 KB 	 53996	7 ms	165.3 KB 	 1461
291	795.6 KB 	 54725	2 ms	179.3 KB 	 1635
292	786.2 KB 	 53782	51 ms	171.7 KB 	 1542
293	799.0 KB 	 54410	36 ms	175.5 KB 	 1577
294	800.9 KB 	 54674	2 ms	181.4 KB 	 1661
295	781.4 KB 	 53854	50 ms	162.4 KB 	 1419
296	798.7 KB 	 54779	29 ms	174.4 KB 	 1567
297	805.1 KB 	 54705	51 ms	180.0 KB 	 1638
298	786.3 KB 	 53681	4 ms	168.1 KB 	 1496
299	794.3 KB 	 54139	2 ms	174.8 KB 	 1572
300	777.4 KB 	 53557	2 ms	160.2 KB 	 1406
301	793.8 KB 	 54240	4 ms	172.9 KB 	 1527
302	789.8 KB 	 54482	4 ms	174.2 KB 	 1563
303	793.9 KB 	 54256	4 ms	168.8 KB 	 1499
304	781.7 KB 	 52344	44 ms	162.8 KB 	 1426
305	787.7 KB 	 53283	2 ms	169.9 KB 	 1524
306	782.5 KB 	 53514	29 ms	169.7 KB 	 1501
307	794.5 KB 	 53998	4 ms	167.0 KB 	 1468
308	802.3 KB 	 53798	6 ms	178.9 KB 	 1621
309	806.0 KB 	 55182	4 ms	187.8 KB 	 1716
310	790.7 KB 	 54546	53 ms	173.4 KB 	 1553
311	790.0 KB 	 54125	2 ms	177.8 KB 	 1610
312	786.7 KB 	 54337	2 ms	172.3 KB 	 1530
313	804.3 KB 	 56577	38 ms	169.0 KB 	 1507
314	790.8 KB 	 54165	3 ms	169.4 KB 	 1492
315	787.0 KB 	 53911	3 ms	174.3 KB 	 1592
316	807.1 KB 	 55664	3 ms	180.7 KB 	 1630
317	795.6 KB 	 53830	5 ms	180.0 KB 	 1660
318	800.6 KB 	 54672	19 ms	173.8 KB 	 1565
319	794.7 KB 	 54347	38 ms	174.9 KB 	 1564
320	801.3 KB 	 55028	11 ms	169.5 KB 	 1507
321	798.9 KB 	 55048	3 ms	177.6 KB 	 1612
322	796.5 KB 	 54404	2 ms	176.6 KB 	 1616
323	804.0 KB 	 54571	42 ms	174.5 KB 	 1554
324	775.8 KB 	 53572	3 ms	168.0 KB 	 1469
325	803.0 KB 	 55285	18 ms	185.7 KB 	 1696
326	791.8 KB 	 54817	6 ms	176.6 KB 	 1599
327	786.1 KB 	 53937	5 ms	163.9 KB 	 1453
328	778.1 KB 	 54041	3 ms	169.0 KB 	 1490
329	793.8 KB 	 54357	12 ms	169.0 KB 	 1512
330	785.2 KB 	 53616	4 ms	167.6 KB 	 1488
331	791.7 KB 	 53895	2 ms	170.2 KB 	 1519
332	787.5 KB 	 53873	4 ms	170.5 KB 	 1519
333	793.6 KB 	 53375	33 ms	175.8 KB 	 1587
334	774.6 KB 	 52992	3 ms	162.0 KB 	 1422
335	794.5 KB 	 54974	3 ms	177.0 KB 	 1597
336	778.7 KB 	 52890	4 ms	161.2 KB 	 1406
337	805.4 KB 	 54505	3 ms	185.5 KB 	 1695
338	789.6 KB 	 53087	5 ms	174.8 KB 	 1566
339	794.3 KB 	 54869	3 ms	176.9 KB 	 1575
340	803.9 KB 	 54256	55 ms	182.4 KB 	 1656
341	778.6 KB 	 52763	0.1 s	170.6 KB 	 1512
342	785.0 KB 	 53618	4 ms	174.3 KB 	 1538
343	782.8 KB 	 54413	5 ms	169.6 KB 	 1508
344	786.8 KB 	 54193	5 ms	164.8 KB 	 1463
345	794.3 KB 	 53790	10 ms	171.5 KB 	 1541
346	787.3 KB 	 53836	11 ms	168.8 KB 	 1502
347	794.8 KB 	 54079	26 ms	171.3 KB 	 1522
348	798.5 KB 	 53840	13 ms	180.6 KB 	 1631
349	795.5 KB 	 53804	5 ms	166.1 KB 	 1473
350	781.5 KB 	 53399	5 ms	162.4 KB 	 1443
351	795.5 KB 	 55284	5 ms	172.5 KB 	 1553
352	795.8 KB 	 54549	6 ms	173.2 KB 	 1548
353	790.5 KB 	 53801	2 ms	171.8 KB 	 1527
354	796.8 KB 	 54825	43 ms	174.9 KB 	 1570
355	783.2 KB 	 53681	3 ms	166.0 KB 	 1461
356	791.7 KB 	 54159	2 ms	167.6 KB 	 1480
357	793.3 KB 	 54450	2 ms	170.4 KB 	 1525
358	796.6 KB 	 54628	11 ms	173.7 KB 	 1554
359	797.4 KB 	 54574	5 ms	176.6 KB 	 1589
360	786.5 KB 	 54261	54 ms	171.4 KB 	 1496
361	782.0 KB 	 53521	11 ms	164.7 KB 	 1458
362	785.0 KB 	 53242	3 ms	167.4 KB 	 1489
363	796.1 KB 	 54031	3 ms	180.2 KB 	 1630
364	786.4 KB 	 53159	6 ms	169.3 KB 	 1482
365	813.4 KB 	 55561	17 ms	190.8 KB 	 1768
366	789.7 KB 	 54270	2 ms	170.1 KB 	 1531
367	791.3 KB 	 54710	5 ms	174.9 KB 	 1584
368	788.1 KB 	 53523	4 ms	171.2 KB 	 1517
369	787.8 KB 	 54004	52 ms	167.8 KB 	 1484
370	807.8 KB 	 54970	2 ms	181.2 KB 	 1650
371	798.5 KB 	 54738	31 ms	169.4 KB 	 1505
372	788.3 KB 	 53948	6 ms	170.3 KB 	 1520
373	810.2 KB 	 55212	2 ms	179.7 KB 	 1628
374	797.2 KB 	 53797	11 ms	179.8 KB 	 1617
375	787.9 KB 	 54118	3 ms	172.9 KB 	 1559
376	795.8 KB 	 54374	23 ms	176.1 KB 	 1575
377	795.7 KB 	 55602	22 ms	179.6 KB 	 1618
378	793.1 KB 	 54620	2 ms	179.5 KB 	 1612
379	799.2 KB 	 54826	2 ms	180.2 KB 	 1626
380	793.2 KB 	 53181	36 ms	171.4 KB 	 1520
381	784.2 KB 	 53245	4 ms	175.4 KB 	 1576
382	789.8 KB 	 54619	14 ms	168.6 KB 	 1492
383	797.8 KB 	 55283	2 ms	173.9 KB 	 1563
384	783.2 KB 	 53306	13 ms	162.9 KB 	 1426
385	803.6 KB 	 54766	14 ms	180.2 KB 	 1633
386	788.5 KB 	 53981	2 ms	174.0 KB 	 1552
387	790.1 KB 	 54608	17 ms	172.5 KB 	 1541
388	799.0 KB 	 54291	11 ms	172.7 KB 	 1535
389	792.1 KB 	 53914	25 ms	178.4 KB 	 1595
390	797.9 KB 	 54017	33 ms	171.5 KB 	 1533
391	788.8 KB 	 54188	4 ms	169.9 KB 	 1496
392	785.7 KB 	 53841	10 ms	173.4 KB 	 1538
393	783.1 KB 	 53360	72 ms	171.8 KB 	 1546
394	781.1 KB 	 53268	2 ms	164.3 KB 	 1464
395	787.8 KB 	 55099	6 ms	161.7 KB 	 1400
396	798.9 KB 	 54081	4 ms	187.8 KB 	 1723
397	781.0 KB 	 53767	2 ms	164.7 KB 	 1453
398	781.6 KB 	 53575	5 ms	170.0 KB 	 1531
399	797.6 KB 	 54328	2 ms	171.9 KB 	 1552
400	788.3 KB 	 53873	21 ms	165.0 KB 	 1432
401	799.3 KB 	 55357	2 ms	171.4 KB 	 1519
402	778.2 KB 	 53108	2 ms	164.3 KB 	 1461
403	767.8 KB 	 52292	3 ms	162.3 KB 	 1426
404	791.1 KB 	 53782	10 ms	164.8 KB 	 1466
405	779.5 KB 	 53659	40 ms	168.3 KB 	 1489
406	790.5 KB 	 53044	3 ms	173.9 KB 	 1552
407	787.5 KB 	 54348	2 ms	169.7 KB 	 1514
408	788.1 KB 	 53930	2 ms	174.4 KB 	 1572
409	801.2 KB 	 54151	2 ms	176.2 KB 	 1583
410	789.2 KB 	 54229	3 ms	177.2 KB 	 1577
411	795.0 KB 	 53938	42 ms	174.0 KB 	 1568
412	788.1 KB 	 53749	25 ms	175.5 KB 	 1571
413	789.7 KB 	 53593	4 ms	170.8 KB 	 1551
414	783.1 KB 	 53908	2 ms	165.9 KB 	 1448
415	787.6 KB 	 53798	3 ms	165.5 KB 	 1470
416	781.7 KB 	 52696	2 ms	166.8 KB 	 1477
417	794.4 KB 	 54387	3 ms	168.7 KB 	 1510
418	798.6 KB 	 54127	23 ms	180.1 KB 	 1623
419	805.0 KB 	 54259	3 ms	181.5 KB 	 1627
420	794.7 KB 	 54484	3 ms	177.9 KB 	 1597
421	784.7 KB 	 52514	2 ms	168.9 KB 	 1500
422	788.5 KB 	 53907	2 ms	173.5 KB 	 1544
423	785.6 KB 	 53775	30 ms	164.5 KB 	 1456
424	801.1 KB 	 55831	3 ms	176.3 KB 	 1584
425	787.0 KB 	 53362	2 ms	165.7 KB 	 1452
426	782.1 KB 	 52966	15 ms	163.5 KB 	 1421
427	789.8 KB 	 52998	5 ms	173.1 KB 	 1547
428	792.9 KB 	 53921	2 ms	179.8 KB 	 1623
429	790.3 KB 	 54086	3 ms	176.8 KB 	 1581
430	787.3 KB 	 53991	5 ms	175.5 KB 	 1580
431	800.1 KB 	 54444	3 ms	176.8 KB 	 1609
432	791.1 KB 	 53876	2 ms	169.5 KB 	 1507
433	782.0 KB 	 53418	11 ms	165.7 KB 	 1459
434	803.5 KB 	 54501	27 ms	171.9 KB 	 1531
435	812.7 KB 	 55396	4 ms	183.0 KB 	 1688
436	791.9 KB 	 53908	4 ms	175.5 KB 	 1599
437	787.2 KB 	 53691	4 ms	168.8 KB 	 1486
438	795.5 KB 	 54801	3 ms	182.8 KB 	 1679
439	793.5 KB 	 53824	12 ms	166.2 KB 	 1473
440	793.9 KB 	 53697	4 ms	174.6 KB 	 1561
441	793.5 KB 	 54703	29 ms	172.7 KB 	 1531
442	796.6 KB 	 54755	2 ms	174.8 KB 	 1573
443	784.1 KB 	 52978	23 ms	164.8 KB 	 1439
444	789.4 KB 	 54595	20 ms	169.6 KB 	 1510
445	790.4 KB 	 53455	11 ms	170.5 KB 	 1537
446	790.0 KB 	 53383	3 ms	178.1 KB 	 1602
447	786.6 KB 	 53321	3 ms	173.3 KB 	 1546
448	790.1 KB 	 54298	2 ms	167.5 KB 	 1504
449	800.7 KB 	 54592	2 ms	179.2 KB 	 1608
450	801.5 KB 	 54099	12 ms	179.5 KB 	 1628
451	791.9 KB 	 54749	2 ms	173.7 KB 	 1554
452	805.7 KB 	 55171	5 ms	177.3 KB 	 1596
453	785.4 KB 	 52775	3 ms	169.3 KB 	 1511
454	787.4 KB 	 54212	2 ms	166.8 KB 	 1479
455	788.5 KB 	 54217	20 ms	168.1 KB 	 1483
456	794.6 KB 	 54085	3 ms	172.9 KB 	 1538
457	794.6 KB 	 54494	12 ms	171.6 KB 	 1544
458	800.8 KB 	 54723	3 ms	181.5 KB 	 1649
459	789.4 KB 	 53931	2 ms	172.7 KB 	 1536
460	786.8 KB 	 54177	2 ms	169.8 KB 	 1510
461	800.2 KB 	 54498	36 ms	176.0 KB 	 1580
462	792.3 KB 	 53921	11 ms	170.6 KB 	 1513
463	791.9 KB 	 53942	5 ms	171.7 KB 	 1516
464	796.7 KB 	 54554	2 ms	172.2 KB 	 1551
465	789.0 KB 	 53327	2 ms	179.6 KB 	 1607
466	795.6 KB 	 54545	5 ms	170.0 KB 	 1522
467	784.6 KB 	 54229	3 ms	170.9 KB 	 1519
468	781.7 KB 	 52623	3 ms	165.9 KB 	 1478
469	787.7 KB 	 53756	44 ms	172.3 KB 	 1539
470	791.2 KB 	 55301	31 ms	168.6 KB 	 1487
471	785.6 KB 	 54144	2 ms	169.8 KB 	 1513
472	786.3 KB 	 53250	3 ms	174.8 KB 	 1592
473	783.2 KB 	 53330	2 ms	165.9 KB 	 1476
474	775.9 KB 	 53085	35 ms	167.4 KB 	 1476
475	777.6 KB 	 52204	11 ms	167.5 KB 	 1479
476	792.7 KB 	 55027	3 ms	178.5 KB 	 1612
477	804.0 KB 	 53921	22 ms	181.2 KB 	 1654
478	803.3 KB 	 53909	3 ms	182.5 KB 	 1636
479	794.5 KB 	 53718	2 ms	172.5 KB 	 1545
480	790.8 KB 	 52940	2 ms	169.9 KB 	 1515
481	791.0 KB 	 53803	23 ms	177.9 KB 	 1614
482	799.4 KB 	 54139	12 ms	174.9 KB 	 1575
483	792.6 KB 	 53613	3 ms	178.0 KB 	 1617
484	790.8 KB 	 55093	4 ms	176.6 KB 	 1580
485	785.5 KB 	 53826	13 ms	173.0 KB 	 1550
486	797.2 KB 	 54946	3 ms	174.2 KB 	 1567
487	799.0 KB 	 53919	2 ms	177.8 KB 	 1628
488	800.0 KB 	 55035	3 ms	174.3 KB 	 1550
489	801.6 KB 	 54717	3 ms	174.7 KB 	 1570
490	789.6 KB 	 53900	2 ms	174.1 KB 	 1553
491	791.4 KB 	 53714	3 ms	165.0 KB 	 1464
492	793.7 KB 	 54623	4 ms	173.4 KB 	 1548
493	788.3 KB 	 54646	3 ms	176.2 KB 	 1579
494	791.1 KB 	 53851	26 ms	169.5 KB 	 1520
495	779.7 KB 	 53506	2 ms	169.8 KB 	 1512
496	792.0 KB 	 53943	4 ms	171.0 KB 	 1523
497	788.5 KB 	 53983	3 ms	172.1 KB 	 1544
498	785.1 KB 	 54033	12 ms	169.8 KB 	 1517
499	789.2 KB 	 53760	3 ms	170.0 KB 	 1506
500	796.9 KB 	 54815	24 ms	178.0 KB 	 1618
501	806.5 KB 	 55181	10 ms	178.7 KB 	 1620
502	789.3 KB 	 54388	39 ms	170.8 KB 	 1521
503	800.7 KB 	 55084	6 ms	171.1 KB 	 1540
504	775.9 KB 	 52672	3 ms	162.6 KB 	 1424
505	791.4 KB 	 54819	27 ms	174.8 KB 	 1533
506	789.0 KB 	 52941	22 ms	171.2 KB 	 1533
507	789.9 KB 	 53623	7 ms	170.1 KB 	 1511
508	797.2 KB 	 54809	14 ms	181.4 KB 	 1642
509	801.8 KB 	 55629	28 ms	175.1 KB 	 1572
510	786.0 KB 	 54255	11 ms	172.4 KB 	 1525
511	797.1 KB 	 54075	2 ms	184.0 KB 	 1666
512	798.5 KB 	 57388	3 ms	174.8 KB 	 1568
513	789.7 KB 	 54038	17 ms	175.6 KB 	 1549
514	786.4 KB 	 53177	4 ms	170.6 KB 	 1528
515	784.2 KB 	 53178	47 ms	166.5 KB 	 1469
516	782.2 KB 	 53883	18 ms	170.4 KB 	 1509
517	795.5 KB 	 55050	3 ms	167.7 KB 	 1483
518	782.5 KB 	 53602	3 ms	162.6 KB 	 1426
519	807.8 KB 	 55475	3 ms	179.4 KB 	 1611
520	794.9 KB 	 54534	11 ms	169.3 KB 	 1501
521	775.8 KB 	 53937	2 ms	166.8 KB 	 1477
522	798.8 KB 	 54704	15 ms	176.3 KB 	 1593
523	793.2 KB 	 54756	3 ms	178.4 KB 	 1609
524	786.7 KB 	 53376	21 ms	170.7 KB 	 1530
525	794.1 KB 	 54532	5 ms	167.0 KB 	 1482
526	786.8 KB 	 54135	2 ms	171.9 KB 	 1535
527	796.0 KB 	 54049	2 ms	176.6 KB 	 1593
528	775.3 KB 	 53301	2 ms	162.5 KB 	 1433
529	788.7 KB 	 54730	42 ms	165.6 KB 	 1474
530	800.5 KB 	 55702	34 ms	177.4 KB 	 1614
531	799.5 KB 	 53300	19 ms	176.1 KB 	 1582
532	782.8 KB 	 54643	27 ms	169.7 KB 	 1510
533	784.5 KB 	 53226	3 ms	168.3 KB 	 1511
534	789.4 KB 	 53865	3 ms	170.9 KB 	 1498
535	795.7 KB 	 55373	41 ms	178.4 KB 	 1609
536	801.9 KB 	 54614	3 ms	172.6 KB 	 1556
537	791.2 KB 	 53749	5 ms	180.6 KB 	 1630
538	790.6 KB 	 53546	3 ms	177.9 KB 	 1602
539	781.8 KB 	 53082	2 ms	163.2 KB 	 1419
540	792.1 KB 	 55335	3 ms	184.2 KB 	 1697
541	792.9 KB 	 54365	3 ms	168.1 KB 	 1499
542	795.3 KB 	 53808	5 ms	173.2 KB 	 1556
543	775.6 KB 	 52944	3 ms	164.3 KB 	 1452
544	787.4 KB 	 53789	12 ms	170.7 KB 	 1528
545	803.9 KB 	 54071	2 ms	177.2 KB 	 1592
546	798.9 KB 	 55203	3 ms	182.4 KB 	 1654
547	790.3 KB 	 53774	3 ms	174.6 KB 	 1581
548	791.6 KB 	 54214	5 ms	178.1 KB 	 1600
549	786.3 KB 	 53276	0.1 s	170.5 KB 	 1547
550	800.6 KB 	 54733	4 ms	181.2 KB 	 1628
551	792.2 KB 	 54974	3 ms	175.2 KB 	 1555
552	793.4 KB 	 54197	12 ms	175.4 KB 	 1580
553	795.2 KB 	 53506	3 ms	175.4 KB 	 1588
554	795.2 KB 	 54733	16 ms	181.9 KB 	 1679
555	813.4 KB 	 54782	3 ms	203.6 KB 	 1941
556	802.7 KB 	 54345	5 ms	186.0 KB 	 1681
557	791.2 KB 	 54139	4 ms	171.2 KB 	 1519
558	784.9 KB 	 53311	2 ms	168.5 KB 	 1498
559	795.3 KB 	 54367	4 ms	171.7 KB 	 1550
560	790.3 KB 	 54329	21 ms	169.7 KB 	 1513
561	784.5 KB 	 53213	2 ms	174.7 KB 	 1569
562	804.8 KB 	 55754	13 ms	178.9 KB 	 1626
563	780.0 KB 	 53219	4 ms	167.2 KB 	 1487
564	794.1 KB 	 53543	2 ms	171.3 KB 	 1532
565	786.5 KB 	 54114	25 ms	171.4 KB 	 1530
566	794.1 KB 	 54581	10 ms	165.8 KB 	 1467
567	789.9 KB 	 54009	12 ms	165.2 KB 	 1450
568	791.6 KB 	 54363	50 ms	177.3 KB 	 1602
569	793.1 KB 	 54725	11 ms	170.9 KB 	 1535
570	800.8 KB 	 54733	10 ms	174.5 KB 	 1566
571	792.3 KB 	 54570	2 ms	179.7 KB 	 1628
572	797.8 KB 	 55013	2 ms	182.6 KB 	 1678
573	786.2 KB 	 53824	20 ms	175.9 KB 	 1587
574	794.4 KB 	 54213	3 ms	180.7 KB 	 1635
575	788.9 KB 	 54077	2 ms	172.8 KB 	 1529
576	793.2 KB 	 53872	16 ms	175.0 KB 	 1555
577	774.5 KB 	 52497	2 ms	161.7 KB 	 1419
578	807.4 KB 	 55895	2 ms	193.0 KB 	 1795
579	790.7 KB 	 53987	11 ms	167.5 KB 	 1504
580	792.6 KB 	 54759	3 ms	176.5 KB 	 1572
581	800.7 KB 	 54806	21 ms	178.7 KB 	 1615
582	793.0 KB 	 53595	2 ms	168.8 KB 	 1494
583	791.3 KB 	 54493	2 ms	177.9 KB 	 1604
584	784.7 KB 	 53832	2 ms	167.7 KB 	 1492
585	810.0 KB 	 55201	3 ms	180.4 KB 	 1643
586	791.7 KB 	 54253	3 ms	178.1 KB 	 1627
587	800.3 KB 	 54792	2 ms	182.9 KB 	 1655
588	791.0 KB 	 53991	2 ms	174.7 KB 	 1553
589	799.5 KB 	 54947	3 ms	176.2 KB 	 1580
590	806.3 KB 	 55881	3 ms	176.1 KB 	 1587
591	784.6 KB 	 53967	2 ms	166.1 KB 	 1478
592	794.3 KB 	 55230	3 ms	174.0 KB 	 1543
593	794.1 KB 	 52832	4 ms	175.1 KB 	 1561
594	790.7 KB 	 53731	25 ms	172.1 KB 	 1521
595	797.8 KB 	 54392	2 ms	175.1 KB 	 1589
596	802.4 KB 	 54477	13 ms	179.3 KB 	 1612
597	796.7 KB 	 54026	2 ms	170.8 KB 	 1529
598	791.2 KB 	 54101	5 ms	170.0 KB 	 1511
599	807.9 KB 	 54796	8 ms	183.7 KB 	 1678
600	777.3 KB 	 53172	2 ms	162.4 KB 	 1433
601	780.6 KB 	 53350	2 ms	172.2 KB 	 1537
602	794.2 KB 	 54108	3 ms	174.1 KB 	 1561
603	807.0 KB 	 55842	4 ms	177.6 KB 	 1615
604	790.7 KB 	 53574	2 ms	173.0 KB 	 1536
605	796.1 KB 	 54648	2 ms	175.3 KB 	 1562
606	792.5 KB 	 53501	3 ms	170.4 KB 	 1525
607	806.8 KB 	 54927	54 ms	179.0 KB 	 1624
608	791.2 KB 	 53939	3 ms	166.3 KB 	 1477
609	799.4 KB 	 54388	21 ms	180.9 KB 	 1653
610	795.8 KB 	 54251	6 ms	172.2 KB 	 1529
611	807.8 KB 	 54737	6 ms	185.7 KB 	 1699
612	794.7 KB 	 54417	11 ms	171.4 KB 	 1520
613	792.7 KB 	 53601	3 ms	173.0 KB 	 1563
614	799.8 KB 	 55784	18 ms	179.9 KB 	 1647
615	791.7 KB 	 53915	12 ms	173.2 KB 	 1548
616	789.0 KB 	 54075	4 ms	170.3 KB 	 1490
617	799.0 KB 	 55371	3 ms	175.9 KB 	 1579
618	801.0 KB 	 55158	13 ms	178.9 KB 	 1604
619	793.0 KB 	 54889	18 ms	176.3 KB 	 1575
620	781.8 KB 	 52878	3 ms	175.1 KB 	 1572
621	788.2 KB 	 53852	30 ms	176.1 KB 	 1582
622	793.6 KB 	 53622	34 ms	164.9 KB 	 1461
623	796.1 KB 	 54248	2 ms	177.2 KB 	 1590
624	804.2 KB 	 55342	10 ms	178.3 KB 	 1629
625	789.9 KB 	 53718	3 ms	174.7 KB 	 1560
626	793.9 KB 	 54481	20 ms	174.4 KB 	 1556
627	783.0 KB 	 53930	15 ms	165.3 KB 	 1454
628	791.6 KB 	 55296	5 ms	171.9 KB 	 1547
629	792.4 KB 	 54268	14 ms	172.6 KB 	 1553
630	793.8 KB 	 54842	18 ms	173.6 KB 	 1548
631	789.8 KB 	 54599	3 ms	175.8 KB 	 1590
632	791.6 KB 	 53875	21 ms	172.1 KB 	 1545
633	799.9 KB 	 54943	3 ms	186.4 KB 	 1725
634	794.8 KB 	 54787	3 ms	168.2 KB 	 1511
635	797.3 KB 	 53693	6 ms	181.3 KB 	 1639
636	796.7 KB 	 55289	2 ms	174.5 KB 	 1594
637	801.3 KB 	 54380	24 ms	177.5 KB 	 1593
638	786.2 KB 	 53491	2 ms	165.8 KB 	 1463
639	783.9 KB 	 54156	3 ms	160.6 KB 	 1409
640	776.6 KB 	 52872	21 ms	170.1 KB 	 1484
641	788.1 KB 	 54454	24 ms	174.5 KB 	 1557
642	785.2 KB 	 53863	45 ms	165.3 KB 	 1452
643	798.6 KB 	 55047	16 ms	176.0 KB 	 1592
644	790.9 KB 	 54077	10 ms	166.1 KB 	 1491
645	795.3 KB 	 54173	12 ms	176.8 KB 	 1611
646	785.2 KB 	 53828	11 ms	168.3 KB 	 1486
647	793.0 KB 	 53989	3 ms	174.6 KB 	 1564
648	792.2 KB 	 54245	3 ms	173.4 KB 	 1558
649	797.0 KB 	 54614	3 ms	169.7 KB 	 1517
650	783.7 KB 	 53309	4 ms	170.0 KB 	 1500
651	791.4 KB 	 53947	4 ms	170.4 KB 	 1508
652	792.3 KB 	 53818	2 ms	181.5 KB 	 1650
653	797.3 KB 	 54299	2 ms	171.1 KB 	 1521
654	792.3 KB 	 54479	13 ms	175.8 KB 	 1570
655	792.8 KB 	 54726	13 ms	180.1 KB 	 1635
656	796.1 KB 	 54689	3 ms	166.3 KB 	 1485
657	785.5 KB 	 53045	2 ms	168.0 KB 	 1484
658	788.0 KB 	 53358	2 ms	171.7 KB 	 1534
659	797.1 KB 	 55794	2 ms	168.4 KB 	 1488
660	781.7 KB 	 54050	18 ms	172.4 KB 	 1526
661	793.0 KB 	 55114	3 ms	173.1 KB 	 1577
662	809.3 KB 	 56732	28 ms	173.6 KB 	 1553
663	795.4 KB 	 54087	2 ms	175.1 KB 	 1554
664	793.9 KB 	 53818	2 ms	163.3 KB 	 1439
665	782.6 KB 	 53550	33 ms	167.9 KB 	 1478
666	791.0 KB 	 53817	13 ms	163.5 KB 	 1443
667	793.6 KB 	 54204	13 ms	178.4 KB 	 1609
668	785.1 KB 	 54417	26 ms	170.5 KB 	 1520
669	790.8 KB 	 53938	3 ms	175.9 KB 	 1586
670	802.1 KB 	 54428	3 ms	184.2 KB 	 1657
671	783.5 KB 	 54362	12 ms	169.7 KB 	 1499
672	787.3 KB 	 53388	3 ms	170.3 KB 	 1507
673	798.2 KB 	 53637	2 ms	176.6 KB 	 1617
674	804.2 KB 	 54047	3 ms	186.5 KB 	 1702
675	797.8 KB 	 53683	3 ms	175.3 KB 	 1585
676	806.3 KB 	 54743	14 ms	178.8 KB 	 1609
677	794.7 KB 	 54143	15 ms	179.9 KB 	 1647
678	812.7 KB 	 55487	3 ms	186.6 KB 	 1714
679	799.4 KB 	 54897	41 ms	182.4 KB 	 1661
680	787.8 KB 	 52914	19 ms	173.6 KB 	 1547
681	787.5 KB 	 53874	28 ms	174.5 KB 	 1563
682	785.1 KB 	 52865	2 ms	172.4 KB 	 1540
683	794.7 KB 	 54396	3 ms	180.7 KB 	 1641
684	785.6 KB 	 53890	4 ms	167.4 KB 	 1491
685	778.2 KB 	 54016	2 ms	168.0 KB 	 1488
686	794.9 KB 	 53536	3 ms	173.7 KB 	 1572
687	786.2 KB 	 54033	13 ms	161.9 KB 	 1404
688	793.2 KB 	 55584	26 ms	175.4 KB 	 1564
689	788.3 KB 	 53492	16 ms	170.8 KB 	 1518
690	795.2 KB 	 54784	2 ms	172.7 KB 	 1536
691	793.9 KB 	 54235	2 ms	172.3 KB 	 1560
692	786.4 KB 	 53155	2 ms	170.4 KB 	 1524
693	795.5 KB 	 54797	2 ms	165.3 KB 	 1453
694	782.6 KB 	 53248	3 ms	169.1 KB 	 1506
695	788.1 KB 	 53544	3 ms	176.0 KB 	 1583
696	797.2 KB 	 53971	2 ms	179.8 KB 	 1619
697	772.9 KB 	 52824	3 ms	165.1 KB 	 1443
698	808.8 KB 	 54953	3 ms	187.1 KB 	 1739
699	792.3 KB 	 53914	2 ms	170.0 KB 	 1509
700	788.9 KB 	 54632	11 ms	173.7 KB 	 1572
701	780.0 KB 	 53252	14 ms	171.2 KB 	 1532
702	800.9 KB 	 55429	28 ms	184.3 KB 	 1691
703	784.2 KB 	 53644	2 ms	168.4 KB 	 1502
704	778.7 KB 	 52646	6 ms	163.4 KB 	 1436
705	799.3 KB 	 54937	3 ms	175.5 KB 	 1596
706	794.7 KB 	 53715	2 ms	169.6 KB 	 1498
707	780.3 KB 	 53067	2 ms	166.5 KB 	 1475
708	786.4 KB 	 53519	3 ms	175.5 KB 	 1559
709	780.5 KB 	 53849	5 ms	162.6 KB 	 1410
710	794.9 KB 	 53975	2 ms	170.3 KB 	 1538
711	810.8 KB 	 56502	3 ms	181.2 KB 	 1636
712	797.1 KB 	 54616	2 ms	174.0 KB 	 1552
713	791.1 KB 	 54197	0.1 s	175.9 KB 	 1583
714	802.3 KB 	 56083	4 ms	183.7 KB 	 1680
715	804.4 KB 	 55741	39 ms	173.2 KB 	 1543
716	795.4 KB 	 54220	10 ms	170.7 KB 	 1521
717	780.0 KB 	 53552	20 ms	163.9 KB 	 1432
718	789.3 KB 	 53809	3 ms	170.4 KB 	 1513
719	791.5 KB 	 53698	2 ms	176.0 KB 	 1571
720	785.8 KB 	 53968	24 ms	171.3 KB 	 1511
721	791.1 KB 	 53853	13 ms	171.0 KB 	 1545
722	791.4 KB 	 54666	3 ms	174.5 KB 	 1552
723	797.5 KB 	 54844	5 ms	172.3 KB 	 1537
724	794.7 KB 	 53699	3 ms	174.0 KB 	 1549
725	796.0 KB 	 55678	3 ms	177.3 KB 	 1602
726	791.3 KB 	 53466	11 ms	174.3 KB 	 1553
727	787.7 KB 	 53795	3 ms	171.9 KB 	 1542
728	785.5 KB 	 53518	3 ms	162.8 KB 	 1445
729	796.7 KB 	 55728	3 ms	175.0 KB 	 1571
730	803.7 KB 	 55527	3 ms	174.7 KB 	 1570
731	787.9 KB 	 54474	3 ms	178.5 KB 	 1608
732	795.5 KB 	 54027	3 ms	172.9 KB 	 1533
733	789.1 KB 	 54036	3 ms	171.8 KB 	 1518
734	784.5 KB 	 53713	49 ms	170.8 KB 	 1517
735	780.8 KB 	 53427	3 ms	167.2 KB 	 1474
736	795.0 KB 	 54496	2 ms	174.0 KB 	 1540
737	794.1 KB 	 54535	4 ms	179.4 KB 	 1638
738	791.3 KB 	 55314	30 ms	172.7 KB 	 1539
739	773.5 KB 	 52487	26 ms	171.4 KB 	 1511
740	787.7 KB 	 54834	14 ms	173.2 KB 	 1556
741	787.1 KB 	 53365	33 ms	172.1 KB 	 1526
742	791.4 KB 	 54359	2 ms	179.2 KB 	 1622
743	794.4 KB 	 54189	11 ms	174.4 KB 	 1577
744	809.1 KB 	 54555	3 ms	181.6 KB 	 1665
745	792.4 KB 	 54157	10 ms	172.3 KB 	 1542
746	793.8 KB 	 53957	5 ms	176.7 KB 	 1592
747	794.7 KB 	 54402	3 ms	172.7 KB 	 1542
748	794.1 KB 	 53904	3 ms	173.8 KB 	 1557
749	793.8 KB 	 54870	32 ms	170.6 KB 	 1548
750	782.2 KB 	 53019	4 ms	165.9 KB 	 1475
751	791.2 KB 	 52946	2 ms	164.2 KB 	 1435
752	804.8 KB 	 54755	12 ms	176.4 KB 	 1585
753	799.1 KB 	 54542	3 ms	176.7 KB 	 1599
754	802.6 KB 	 55542	3 ms	184.0 KB 	 1687
755	785.0 KB 	 53910	3 ms	169.4 KB 	 1513
756	795.4 KB 	 53815	19 ms	176.4 KB 	 1590
757	792.7 KB 	 54082	33 ms	170.4 KB 	 1533
758	792.4 KB 	 54525	24 ms	177.1 KB 	 1614
759	785.4 KB 	 53659	3 ms	163.7 KB 	 1441
760	789.4 KB 	 54322	3 ms	172.9 KB 	 1545
761	788.9 KB 	 54280	3 ms	170.5 KB 	 1521
762	792.4 KB 	 54101	11 ms	168.0 KB 	 1482
763	789.2 KB 	 53129	16 ms	172.5 KB 	 1565
764	794.7 KB 	 53898	3 ms	174.5 KB 	 1550
765	792.0 KB 	 53530	27 ms	174.4 KB 	 1571
766	788.0 KB 	 53448	25 ms	168.3 KB 	 1496
767	798.0 KB 	 55870	10 ms	176.5 KB 	 1592
768	794.1 KB 	 54361	31 ms	174.4 KB 	 1564
769	801.0 KB 	 54819	35 ms	173.9 KB 	 1545
770	793.8 KB 	 53850	19 ms	172.4 KB 	 1552
771	783.4 KB 	 54246	3 ms	169.6 KB 	 1478
772	792.8 KB 	 55379	16 ms	165.1 KB 	 1466
773	800.7 KB 	 54343	3 ms	180.9 KB 	 1636
774	790.5 KB 	 54059	3 ms	177.0 KB 	 1587
775	795.3 KB 	 54044	2 ms	171.7 KB 	 1523
776	798.9 KB 	 54366	18 ms	186.1 KB 	 1716
777	779.8 KB 	 53305	13 ms	167.7 KB 	 1497
778	786.0 KB 	 52987	16 ms	168.0 KB 	 1507
779	783.2 KB 	 53750	2 ms	168.8 KB 	 1506
780	786.7 KB 	 53421	18 ms	172.6 KB 	 1546
781	796.7 KB 	 54190	20 ms	174.1 KB 	 1576
782	783.3 KB 	 54165	20 ms	163.1 KB 	 1429
783	798.8 KB 	 54934	4 ms	172.8 KB 	 1551
784	800.7 KB 	 55102	3 ms	181.4 KB 	 1645
785	789.0 KB 	 54956	2 ms	167.8 KB 	 1490
786	783.1 KB 	 54189	14 ms	168.9 KB 	 1510
787	787.3 KB 	 54383	14 ms	170.9 KB 	 1524
788	789.2 KB 	 54056	12 ms	173.5 KB 	 1567
789	805.8 KB 	 55482	12 ms	175.5 KB 	 1583
790	793.8 KB 	 55438	12 ms	171.8 KB 	 1537
791	786.4 KB 	 53715	16 ms	168.4 KB 	 1490
792	797.7 KB 	 54130	4 ms	177.8 KB 	 1606
793	806.8 KB 	 54552	3 ms	179.6 KB 	 1615
794	789.3 KB 	 54138	4 ms	174.6 KB 	 1555
795	794.7 KB 	 54663	3 ms	179.3 KB 	 1640
796	801.4 KB 	 54638	26 ms	178.7 KB 	 1620
797	791.6 KB 	 54801	3 ms	173.0 KB 	 1549
798	779.6 KB 	 52412	5 ms	173.1 KB 	 1553
799	797.3 KB 	 55051	2 ms	179.9 KB 	 1645
800	787.8 KB 	 53823	3 ms	174.0 KB 	 1552
801	798.0 KB 	 53678	2 ms	172.6 KB 	 1561
802	807.3 KB 	 55010	2 ms	187.4 KB 	 1716
803	788.2 KB 	 54999	2 ms	173.6 KB 	 1553
804	784.8 KB 	 53033	16 ms	170.2 KB 	 1518
805	807.7 KB 	 56865	2 ms	184.9 KB 	 1698
806	790.4 KB 	 53033	2 ms	169.3 KB 	 1499
807	794.1 KB 	 54190	2 ms	173.1 KB 	 1545
808	797.7 KB 	 56080	22 ms	178.4 KB 	 1638
809	789.0 KB 	 53751	4 ms	175.8 KB 	 1574
810	801.5 KB 	 54305	3 ms	179.0 KB 	 1610
811	794.9 KB 	 54007	38 ms	174.4 KB 	 1578
812	791.6 KB 	 53922	3 ms	181.7 KB 	 1642
813	790.6 KB 	 53783	3 ms	172.8 KB 	 1532
814	798.7 KB 	 53947	4 ms	178.7 KB 	 1600
815	803.0 KB 	 54661	3 ms	176.0 KB 	 1590
816	792.4 KB 	 54077	3 ms	171.7 KB 	 1514
817	796.3 KB 	 54195	5 ms	172.5 KB 	 1529
818	790.7 KB 	 53317	4 ms	169.4 KB 	 1517
819	792.8 KB 	 54295	11 ms	176.8 KB 	 1587
820	793.7 KB 	 54617	4 ms	167.8 KB 	 1488
821	789.5 KB 	 53414	3 ms	169.5 KB 	 1494
822	796.7 KB 	 54012	3 ms	174.6 KB 	 1590
823	786.3 KB 	 53840	4 ms	165.7 KB 	 1474
824	784.0 KB 	 54754	3 ms	166.4 KB 	 1459
825	795.4 KB 	 54386	3 ms	168.2 KB 	 1486
826	805.6 KB 	 55821	3 ms	178.4 KB 	 1628
827	784.0 KB 	 53553	3 ms	170.4 KB 	 1510
828	792.8 KB 	 54309	3 ms	175.1 KB 	 1601
829	774.2 KB 	 54077	2 ms	165.5 KB 	 1461
830	792.8 KB 	 53957	4 ms	173.5 KB 	 1571
831	789.3 KB 	 55269	3 ms	170.2 KB 	 1520
832	797.8 KB 	 54197	14 ms	180.0 KB 	 1641
833	793.9 KB 	 55036	73 ms	172.0 KB 	 1522
834	803.7 KB 	 54454	24 ms	180.1 KB 	 1620
835	802.3 KB 	 55271	2 ms	179.5 KB 	 1637
836	802.7 KB 	 55060	3 ms	179.8 KB 	 1616
837	790.2 KB 	 54578	35 ms	173.2 KB 	 1548
838	801.1 KB 	 55480	12 ms	173.4 KB 	 1564
839	790.8 KB 	 54035	12 ms	171.2 KB 	 1528
840	793.3 KB 	 55703	2 ms	171.3 KB 	 1538
841	791.5 KB 	 54534	3 ms	169.2 KB 	 1524
842	801.4 KB 	 53852	18 ms	182.6 KB 	 1652
843	785.9 KB 	 53305	10 ms	172.8 KB 	 1543
844	804.8 KB 	 54682	5 ms	183.3 KB 	 1681
845	795.8 KB 	 53261	11 ms	172.9 KB 	 1546
846	786.5 KB 	 53836	3 ms	163.5 KB 	 1424
847	789.2 KB 	 53283	13 ms	171.6 KB 	 1520
848	800.7 KB 	 55095	3 ms	179.7 KB 	 1609
849	808.4 KB 	 54792	25 ms	183.2 KB 	 1672
850	793.2 KB 	 53338	3 ms	174.0 KB 	 1566
851	789.3 KB 	 53459	3 ms	169.1 KB 	 1492
852	774.3 KB 	 52972	11 ms	161.6 KB 	 1428
853	802.6 KB 	 54094	15 ms	179.9 KB 	 1617
854	789.9 KB 	 54628	24 ms	176.0 KB 	 1595
855	794.4 KB 	 54126	23 ms	189.0 KB 	 1749
856	795.0 KB 	 54452	5 ms	178.4 KB 	 1607
857	784.4 KB 	 53572	21 ms	175.5 KB 	 1567
858	791.9 KB 	 53499	12 ms	174.0 KB 	 1562
859	783.5 KB 	 54197	14 ms	163.8 KB 	 1439
860	794.1 KB 	 53928	3 ms	173.0 KB 	 1562
861	785.0 KB 	 53431	49 ms	169.4 KB 	 1505
862	797.9 KB 	 54635	3 ms	175.7 KB 	 1591
863	787.8 KB 	 53633	20 ms	168.6 KB 	 1502
864	789.5 KB 	 53921	16 ms	168.6 KB 	 1461
865	797.0 KB 	 54472	34 ms	178.0 KB 	 1612
866	800.9 KB 	 55239	5 ms	180.3 KB 	 1647
867	795.6 KB 	 54913	3 ms	172.2 KB 	 1530
868	778.0 KB 	 53288	4 ms	171.8 KB 	 1547
869	785.6 KB 	 54665	32 ms	167.8 KB 	 1490
870	800.6 KB 	 55452	40 ms	183.7 KB 	 1656
871	792.7 KB 	 53670	3 ms	177.7 KB 	 1617
872	788.0 KB 	 54362	5 ms	172.5 KB 	 1544
873	789.9 KB 	 54136	12 ms	162.9 KB 	 1439
874	793.0 KB 	 53592	76 ms	173.1 KB 	 1557
875	784.3 KB 	 53175	0.2 s	172.0 KB 	 1538
876	797.5 KB 	 56050	19 ms	174.2 KB 	 1568
877	800.0 KB 	 54410	3 ms	178.2 KB 	 1609
878	789.2 KB 	 54169	3 ms	165.8 KB 	 1460
879	802.6 KB 	 55867	31 ms	175.6 KB 	 1581
880	787.7 KB 	 54611	3 ms	175.3 KB 	 1589
881	805.2 KB 	 54308	11 ms	181.6 KB 	 1668
882	794.0 KB 	 53590	4 ms	179.5 KB 	 1625
883	800.9 KB 	 55010	31 ms	181.8 KB 	 1637
884	785.8 KB 	 54567	0.1 s	159.4 KB 	 1398
885	784.4 KB 	 54457	19 ms	172.0 KB 	 1529
886	785.9 KB 	 53879	5 ms	167.4 KB 	 1489
887	787.0 KB 	 53049	4 ms	166.5 KB 	 1477
888	790.3 KB 	 53032	3 ms	180.2 KB 	 1644
889	804.0 KB 	 54744	4 ms	174.4 KB 	 1553
890	788.1 KB 	 53530	19 ms	173.8 KB 	 1545
891	796.5 KB 	 55768	3 ms	180.5 KB 	 1636
892	781.7 KB 	 53028	5 ms	166.2 KB 	 1470
893	801.8 KB 	 54784	0.1 s	180.4 KB 	 1633
894	783.9 KB 	 53249	2 ms	173.3 KB 	 1533
895	790.3 KB 	 53214	2 ms	170.3 KB 	 1529
896	809.1 KB 	 55193	5 ms	193.2 KB 	 1811
897	778.0 KB 	 53138	20 ms	166.7 KB 	 1459
898	799.4 KB 	 55780	3 ms	179.1 KB 	 1602
899	803.2 KB 	 55085	16 ms	176.8 KB 	 1594
900	781.0 KB 	 52771	2 ms	164.8 KB 	 1461
901	797.2 KB 	 54924	3 ms	177.7 KB 	 1589
902	787.8 KB 	 53976	2 ms	170.9 KB 	 1504
903	781.9 KB 	 53108	5 ms	174.8 KB 	 1570
904	792.7 KB 	 54942	4 ms	172.6 KB 	 1548
905	781.8 KB 	 54063	12 ms	171.3 KB 	 1537
906	792.9 KB 	 54750	11 ms	169.8 KB 	 1508
907	797.3 KB 	 54556	11 ms	177.9 KB 	 1583
908	788.6 KB 	 53665	2 ms	168.7 KB 	 1479
909	798.9 KB 	 54046	2 ms	174.2 KB 	 1570
910	808.8 KB 	 55402	38 ms	179.1 KB 	 1627
911	810.6 KB 	 54761	3 ms	183.8 KB 	 1676
912	791.2 KB 	 53740	2 ms	172.3 KB 	 1525
913	793.0 KB 	 54529	2 ms	179.9 KB 	 1627
914	794.3 KB 	 54116	2 ms	170.9 KB 	 1524
915	785.5 KB 	 54937	2 ms	168.8 KB 	 1485
916	780.4 KB 	 53298	11 ms	162.5 KB 	 1427
917	801.4 KB 	 54740	2 ms	173.5 KB 	 1535
918	790.8 KB 	 53332	2 ms	178.5 KB 	 1594
919	799.9 KB 	 54427	2 ms	179.2 KB 	 1630
920	791.6 KB 	 54037	2 ms	168.4 KB 	 1485
921	794.1 KB 	 54748	10 ms	176.7 KB 	 1585
922	793.1 KB 	 54570	2 ms	170.3 KB 	 1520
923	777.3 KB 	 53720	2 ms	162.4 KB 	 1410
924	782.8 KB 	 53750	2 ms	166.5 KB 	 1460
925	794.8 KB 	 53606	12 ms	173.1 KB 	 1553
926	791.5 KB 	 53721	2 ms	166.7 KB 	 1486
927	778.0 KB 	 53745	2 ms	161.6 KB 	 1443
928	784.0 KB 	 53539	3 ms	169.4 KB 	 1494
929	791.8 KB 	 54656	4 ms	175.3 KB 	 1559
930	798.0 KB 	 54708	11 ms	174.6 KB 	 1590
931	788.9 KB 	 54350	2 ms	169.6 KB 	 1513
932	780.6 KB 	 53285	3 ms	159.7 KB 	 1410
933	781.8 KB 	 53959	2 ms	170.6 KB 	 1508
934	798.0 KB 	 54278	3 ms	174.4 KB 	 1561
935	785.2 KB 	 52797	2 ms	172.5 KB 	 1545
936	790.1 KB 	 54307	2 ms	166.7 KB 	 1482
937	790.9 KB 	 53890	3 ms	177.3 KB 	 1592
938	778.4 KB 	 53459	2 ms	166.7 KB 	 1489
939	790.8 KB 	 53544	12 ms	168.7 KB 	 1502
940	793.3 KB 	 53866	3 ms	176.1 KB 	 1569
941	796.0 KB 	 54457	4 ms	172.7 KB 	 1547
942	787.2 KB 	 53965	2 ms	166.1 KB 	 1465
943	786.0 KB 	 53827	10 ms	167.6 KB 	 1486
944	782.9 KB 	 52726	11 ms	165.7 KB 	 1467
945	787.9 KB 	 53478	13 ms	168.6 KB 	 1491
946	790.3 KB 	 53796	5 ms	172.8 KB 	 1537
947	787.8 KB 	 53759	12 ms	172.6 KB 	 1539
948	796.0 KB 	 54278	4 ms	177.9 KB 	 1618
949	788.6 KB 	 53028	13 ms	173.8 KB 	 1563
950	809.4 KB 	 55319	10 ms	176.0 KB 	 1584
951	800.5 KB 	 54529	2 ms	171.3 KB 	 1540
952	796.1 KB 	 54678	12 ms	173.8 KB 	 1545
953	796.6 KB 	 54655	4 ms	172.6 KB 	 1519
954	789.4 KB 	 53436	3 ms	162.6 KB 	 1438
955	787.5 KB 	 53939	11 ms	171.1 KB 	 1518
956	796.1 KB 	 53715	12 ms	174.5 KB 	 1554
957	783.0 KB 	 53451	2 ms	167.6 KB 	 1479
958	795.4 KB 	 53801	12 ms	165.2 KB 	 1462
959	787.3 KB 	 54188	12 ms	168.5 KB 	 1487
960	780.6 KB 	 53062	3 ms	167.2 KB 	 1453
961	806.8 KB 	 54840	3 ms	179.8 KB 	 1630
962	786.8 KB 	 53662	3 ms	174.0 KB 	 1567
963	792.4 KB 	 53504	3 ms	168.6 KB 	 1527
964	794.1 KB 	 54002	12 ms	177.9 KB 	 1603
965	798.4 KB 	 54741	13 ms	180.6 KB 	 1634
966	788.3 KB 	 54459	4 ms	177.3 KB 	 1588
967	794.8 KB 	 54509	12 ms	175.0 KB 	 1580
968	802.3 KB 	 53920	13 ms	174.7 KB 	 1571
969	781.4 KB 	 53381	12 ms	169.7 KB 	 1489
970	785.8 KB 	 53732	4 ms	169.4 KB 	 1476
971	789.9 KB 	 54106	3 ms	165.4 KB 	 1455
972	794.7 KB 	 53293	13 ms	174.2 KB 	 1564
973	799.0 KB 	 55123	4 ms	174.4 KB 	 1551
974	799.6 KB 	 53816	3 ms	171.9 KB 	 1539
975	785.0 KB 	 54308	11 ms	173.3 KB 	 1546
976	791.8 KB 	 53927	4 ms	167.4 KB 	 1479
977	790.3 KB 	 54149	3 ms	169.0 KB 	 1505
978	800.6 KB 	 54813	12 ms	173.3 KB 	 1554
979	794.2 KB 	 54106	13 ms	178.1 KB 	 1616
980	802.5 KB 	 55106	14 ms	176.3 KB 	 1588
981	791.2 KB 	 54592	2 ms	174.7 KB 	 1585
982	790.2 KB 	 53861	3 ms	165.5 KB 	 1446
983	808.8 KB 	 55355	3 ms	180.4 KB 	 1619
984	793.0 KB 	 54004	3 ms	167.4 KB 	 1502
985	775.9 KB 	 53037	3 ms	159.8 KB 	 1387
986	785.0 KB 	 53466	12 ms	173.1 KB 	 1555
987	777.0 KB 	 53209	3 ms	162.2 KB 	 1422
988	796.9 KB 	 54355	2 ms	171.7 KB 	 1533
989	803.9 KB 	 56200	2 ms	175.3 KB 	 1568
990	798.1 KB 	 55331	3 ms	177.1 KB 	 1597
991	788.7 KB 	 53810	3 ms	173.8 KB 	 1545
992	787.9 KB 	 54332	2 ms	167.5 KB 	 1477
993	789.4 KB 	 54051	2 ms	172.4 KB 	 1538
994	806.4 KB 	 55205	2 ms	182.0 KB 	 1658
995	774.1 KB 	 52630	3 ms	166.6 KB 	 1449
996	806.1 KB 	 55081	2 ms	177.1 KB 	 1583
997	803.9 KB 	 55425	12 ms	168.7 KB 	 1494
998	797.4 KB 	 55443	11 ms	168.9 KB 	 1499
999	793.2 KB 	 54374	12 ms	180.4 KB 	 1629
