0	0.0 B 	 0		0.0 B 	 0
1	378.4 KB 	 497	7 ms	791.7 KB 	 127186
2	155.0 KB 	 202	44 ms	654.7 KB 	 114840
3	505.0 KB 	 384		0.0 B 	 0
4	115.2 KB 	 153	10 ms	206.8 KB 	 31934
5	797.1 KB 	 848	17 ms	1419.0 KB 	 235598
6	181.6 KB 	 150	30 ms	325.5 KB 	 50622
7	1398.7 KB 	 1305	14 ms	4.0 MB 	 718842
8	0.0 B 	 0		0.0 B 	 0
9	1117.0 KB 	 1183		0.0 B 	 0
10	1451.9 KB 	 1427	81 ms	1210.8 KB 	 207207
11	109.2 KB 	 120	8 ms	201.1 KB 	 30657
12	130.6 KB 	 132		0.0 B 	 0
13	1343.6 KB 	 1389	12 ms	3.1 MB 	 507948
14	0.0 B 	 0		0.0 B 	 0
15	0.0 B 	 0		0.0 B 	 0
16	1155.4 KB 	 1244	12 ms	3.7 MB 	 647187
17	0.0 B 	 0		0.0 B 	 0
18	249.2 KB 	 231	3 ms	488.4 KB 	 79780
19	616.3 KB 	 639	10 ms	1116.6 KB 	 190573
20	851.8 KB 	 881	9 ms	2.3 MB 	 431794
21	71.0 KB 	 80	2 ms	137.1 KB 	 19558
22	0.0 B 	 0		0.0 B 	 0
23	383.7 KB 	 339		0.0 B 	 0
24	251.7 KB 	 329		0.0 B 	 0
25	791.8 KB 	 893	9 ms	2.2 MB 	 395997
26	0.0 B 	 0		0.0 B 	 0
27	593.8 KB 	 643	32 ms	2.1 MB 	 398261
28	1292.0 B 	 12		219.0 B 	 12
29	272.9 KB 	 248		0.0 B 	 0
30	830.3 KB 	 906	8 ms	1723.9 KB 	 305221
31	100.2 KB 	 155	6 ms	259.2 KB 	 45087
32	281.4 KB 	 284	6 ms	601.8 KB 	 105126
33	593.0 KB 	 545	6 ms	846.3 KB 	 148214
34	1051.0 KB 	 1240	26 ms	3.4 MB 	 585354
35	274.4 KB 	 255	42 ms	482.0 KB 	 77286
36	0.0 B 	 0		0.0 B 	 0
37	0.0 B 	 0		0.0 B 	 0
38	971.0 B 	 9		196.0 B 	 9
39	216.3 KB 	 228	12 ms	696.5 KB 	 123970
40	2.3 MB 	 2292		0.0 B 	 0
41	810.6 KB 	 780	3 ms	445.9 KB 	 68577
42	0.0 B 	 0		0.0 B 	 0
43	234.8 KB 	 271	4 ms	881.7 KB 	 163701
44	0.0 B 	 0		0.0 B 	 0
45	0.0 B 	 0		0.0 B 	 0
46	1288.0 B 	 12		218.0 B 	 12
47	139.6 KB 	 154	19 ms	302.0 KB 	 49196
48	0.0 B 	 0		0.0 B 	 0
49	2.1 KB 	 20		328.0 B 	 20
50	0.0 B 	 0		0.0 B 	 0
51	350.2 KB 	 433	6 ms	865.4 KB 	 143479
52	2.1 MB 	 2250	22 ms	8.6 MB 	 1449105
53	0.0 B 	 0		0.0 B 	 0
54	0.0 B 	 0		0.0 B 	 0
55	241.5 KB 	 305	3 ms	478.4 KB 	 74016
56	0.0 B 	 0		0.0 B 	 0
57	285.8 KB 	 362		0.0 B 	 0
58	875.0 B 	 9		194.0 B 	 9
59	245.8 KB 	 287	14 ms	660.1 KB 	 119320
60	168.8 KB 	 160	31 ms	293.9 KB 	 47749
61	0.0 B 	 0		0.0 B 	 0
62	835.8 KB 	 800	20 ms	2.5 MB 	 446460
63	215.4 KB 	 204	4 ms	569.1 KB 	 106352
64	1130.0 KB 	 1252	29 ms	2.2 MB 	 375804
65	0.0 B 	 0		0.0 B 	 0
66	479.0 KB 	 490	6 ms	1064.1 KB 	 188937
67	0.0 B 	 0		0.0 B 	 0
68	0.0 B 	 0		0.0 B 	 0
69	46.5 KB 	 107	1 ms	105.0 KB 	 14910
70	191.8 KB 	 271	5 ms	181.5 KB 	 26815
71	0.0 B 	 0		0.0 B 	 0
72	95.6 KB 	 152	1 ms	183.5 KB 	 25476
73	185.4 KB 	 238	8 ms	783.0 KB 	 141909
74	872.0 B 	 9		186.0 B 	 9
75	0.0 B 	 0		0.0 B 	 0
76	0.0 B 	 0		0.0 B 	 0
77	0.0 B 	 0		0.0 B 	 0
78	0.0 B 	 0		0.0 B 	 0
79	112.5 KB 	 165	27 ms	217.4 KB 	 30987
80	0.0 B 	 0		0.0 B 	 0
81	972.0 B 	 9		196.0 B 	 9
82	154.6 KB 	 141	5 ms	299.2 KB 	 42912
83	413.7 KB 	 524	49 ms	1217.1 KB 	 218980
84	213.5 KB 	 212		0.0 B 	 0
85	0.0 B 	 0		0.0 B 	 0
86	244.5 KB 	 304	0.1 s	438.3 KB 	 71291
87	387.8 KB 	 381		0.0 B 	 0
88	855.3 KB 	 874	10 ms	1825.1 KB 	 324326
89	1093.1 KB 	 1202	19 ms	2013.7 KB 	 343080
90	0.0 B 	 0		0.0 B 	 0
91	170.0 KB 	 190		0.0 B 	 0
92	968.0 B 	 9		193.0 B 	 9
93	3.8 MB 	 3983	17 ms	8.5 MB 	 1144638
94	858.7 KB 	 842	14 ms	2.2 MB 	 402970
95	271.4 KB 	 209	4 ms	726.0 KB 	 131803
96	0.0 B 	 0		0.0 B 	 0
97	371.4 KB 	 372	5 ms	993.6 KB 	 185525
98	971.0 B 	 9		194.0 B 	 9
99	0.0 B 	 0		0.0 B 	 0
100	107.2 KB 	 138		0.0 B 	 0
101	38.6 KB 	 61		192.0 B 	 9
102	209.0 KB 	 310	4 ms	598.1 KB 	 101714
103	690.0 KB 	 664	5 ms	695.0 KB 	 119132
104	1600.3 KB 	 1738	15 ms	3.7 MB 	 605024
105	268.1 KB 	 312	4 ms	704.4 KB 	 130685
106	225.9 KB 	 169	4 ms	627.8 KB 	 117060
107	0.0 B 	 0		0.0 B 	 0
108	0.0 B 	 0		0.0 B 	 0
109	0.0 B 	 0		0.0 B 	 0
110	152.0 KB 	 137	3 ms	413.4 KB 	 69236
111	658.5 KB 	 655	3 ms	522.3 KB 	 91694
112	168.0 KB 	 155	3 ms	467.0 KB 	 87843
113	2.8 MB 	 3028		196.0 B 	 9
114	0.0 B 	 0		0.0 B 	 0
115	142.5 KB 	 171		0.0 B 	 0
116	0.0 B 	 0		0.0 B 	 0
117	237.6 KB 	 261	4 ms	700.3 KB 	 120849
118	971.0 B 	 9		193.0 B 	 9
119	532.3 KB 	 590	18 ms	1596.8 KB 	 293903
120	967.0 B 	 9		195.0 B 	 9
121	968.0 B 	 9		193.0 B 	 9
122	335.4 KB 	 308		0.0 B 	 0
123	168.4 KB 	 183	2 ms	320.6 KB 	 51213
124	0.0 B 	 0		0.0 B 	 0
125	0.0 B 	 0		0.0 B 	 0
126	198.7 KB 	 234		0.0 B 	 0
127	2.4 MB 	 2463	80 ms	5.1 MB 	 848825
128	122.2 KB 	 114		0.0 B 	 0
129	257.6 KB 	 248	52 ms	473.2 KB 	 79164
130	165.6 KB 	 208	23 ms	585.6 KB 	 110474
131	0.0 B 	 0		0.0 B 	 0
132	181.3 KB 	 202	22 ms	400.1 KB 	 67833
133	195.3 KB 	 185	52 ms	534.4 KB 	 95000
134	968.0 B 	 9		195.0 B 	 9
135	0.0 B 	 0		0.0 B 	 0
136	0.0 B 	 0		0.0 B 	 0
137	185.3 KB 	 197	2 ms	373.6 KB 	 66136
138	968.0 B 	 9		195.0 B 	 9
139	158.2 KB 	 180		0.0 B 	 0
140	587.2 KB 	 599	19 ms	1008.6 KB 	 170784
141	0.0 B 	 0		0.0 B 	 0
142	340.2 KB 	 465	8 ms	723.7 KB 	 121365
143	199.0 KB 	 207	5 ms	367.6 KB 	 57079
144	408.0 KB 	 467		0.0 B 	 0
145	964.0 B 	 9		194.0 B 	 9
146	0.0 B 	 0		0.0 B 	 0
147	0.0 B 	 0		0.0 B 	 0
148	850.5 KB 	 884	9 ms	2.1 MB 	 383142
149	1720.0 B 	 16		295.0 B 	 16
150	0.0 B 	 0		0.0 B 	 0
151	207.5 KB 	 190	16 ms	599.9 KB 	 100795
152	0.0 B 	 0		0.0 B 	 0
153	968.0 B 	 9		193.0 B 	 9
154	874.8 KB 	 1033	5 ms	954.2 KB 	 160347
155	156.8 KB 	 167	9 ms	288.0 KB 	 42801
156	712.0 KB 	 759	44 ms	1217.9 KB 	 208195
157	1419.5 KB 	 1561	45 ms	3.1 MB 	 527758
158	929.1 KB 	 989	20 ms	2005.1 KB 	 343994
159	165.1 KB 	 167	69 ms	408.1 KB 	 76369
160	688.1 KB 	 763	42 ms	1217.9 KB 	 197703
161	2.0 KB 	 19		280.0 B 	 19
162	0.0 B 	 0		0.0 B 	 0
163	150.9 KB 	 184	4 ms	416.1 KB 	 73701
164	450.2 KB 	 545	34 ms	926.4 KB 	 167560
165	307.7 KB 	 279	16 ms	577.8 KB 	 97344
166	119.4 KB 	 143	43 ms	257.3 KB 	 41034
167	0.0 B 	 0		0.0 B 	 0
168	589.8 KB 	 542	16 ms	639.4 KB 	 120678
169	972.0 B 	 9		196.0 B 	 9
170	0.0 B 	 0		0.0 B 	 0
171	463.2 KB 	 501	34 ms	952.3 KB 	 174012
172	135.1 KB 	 164	2 ms	257.3 KB 	 38357
173	226.1 KB 	 346	22 ms	519.3 KB 	 80780
174	240.9 KB 	 223	8 ms	454.0 KB 	 77520
175	0.0 B 	 0		0.0 B 	 0
176	431.9 KB 	 387	7 ms	873.2 KB 	 152971
177	0.0 B 	 0		0.0 B 	 0
178	221.4 KB 	 217	3 ms	386.6 KB 	 60350
179	132.4 KB 	 188	4 ms	414.4 KB 	 71104
180	0.0 B 	 0		0.0 B 	 0
181	62.0 KB 	 124	1 ms	129.4 KB 	 16812
182	1034.3 KB 	 1007	89 ms	1808.3 KB 	 303971
183	0.0 B 	 0		0.0 B 	 0
184	1598.5 KB 	 1491	38 ms	2.9 MB 	 471557
185	0.0 B 	 0		0.0 B 	 0
186	1486.5 KB 	 1406	11 ms	2.5 MB 	 430557
187	384.8 KB 	 393		0.0 B 	 0
188	0.0 B 	 0		0.0 B 	 0
189	1292.0 B 	 12		223.0 B 	 12
190	0.0 B 	 0		0.0 B 	 0
191	0.0 B 	 0		0.0 B 	 0
192	0.0 B 	 0		0.0 B 	 0
193	1080.0 B 	 10		206.0 B 	 10
194	0.0 B 	 0		0.0 B 	 0
195	266.3 KB 	 331	11 ms	477.5 KB 	 74577
196	170.2 KB 	 195	17 ms	325.5 KB 	 47278
197	1944.0 B 	 18		317.0 B 	 18
198	579.1 KB 	 538	15 ms	693.3 KB 	 123552
199	978.9 KB 	 1123	37 ms	3.0 MB 	 523767
200	0.0 B 	 0		0.0 B 	 0
201	138.8 KB 	 150	8 ms	270.7 KB 	 42046
202	684.3 KB 	 736	8 ms	1353.0 KB 	 236501
203	1393.7 KB 	 1452	0.1 s	2.8 MB 	 467258
204	0.0 B 	 0		0.0 B 	 0
205	0.0 B 	 0		0.0 B 	 0
206	475.9 KB 	 585	7 ms	875.7 KB 	 149303
207	0.0 B 	 0		0.0 B 	 0
208	562.1 KB 	 571	16 ms	1676.8 KB 	 309633
209	0.0 B 	 0		0.0 B 	 0
210	303.5 KB 	 367	17 ms	957.1 KB 	 167643
211	0.0 B 	 0		0.0 B 	 0
212	1948.0 B 	 19		273.0 B 	 19
213	114.7 KB 	 135	8 ms	223.7 KB 	 30910
214	126.4 KB 	 152	2 ms	262.4 KB 	 37272
215	965.1 KB 	 992	9 ms	2.0 MB 	 381083
216	916.2 KB 	 835	5 ms	938.8 KB 	 166850
217	1093.6 KB 	 1042	4 ms	579.5 KB 	 102505
218	0.0 B 	 0		0.0 B 	 0
219	0.0 B 	 0		0.0 B 	 0
220	177.5 KB 	 183	4 ms	325.8 KB 	 49346
221	137.3 KB 	 161	2 ms	310.6 KB 	 48734
222	403.6 KB 	 429	47 ms	759.6 KB 	 146856
223	0.0 B 	 0		0.0 B 	 0
224	398.1 KB 	 381	6 ms	696.5 KB 	 115973
225	0.0 B 	 0		0.0 B 	 0
226	0.0 B 	 0		0.0 B 	 0
227	234.5 KB 	 189	74 ms	418.5 KB 	 66506
228	195.2 KB 	 289	3 ms	625.4 KB 	 104307
229	136.9 KB 	 207	2 ms	326.4 KB 	 45054
230	483.3 KB 	 513	6 ms	828.1 KB 	 138620
231	0.0 B 	 0		0.0 B 	 0
232	7.5 MB 	 8227	7 ms	992.5 KB 	 173142
233	475.4 KB 	 485	7 ms	1007.8 KB 	 177982
234	261.3 KB 	 320	4 ms	701.1 KB 	 126616
235	127.6 KB 	 116		0.0 B 	 0
236	0.0 B 	 0		0.0 B 	 0
237	248.0 KB 	 309	4 ms	479.6 KB 	 69025
238	233.2 KB 	 360	4 ms	431.1 KB 	 65351
239	2.1 KB 	 20		334.0 B 	 20
240	195.0 KB 	 208	4 ms	531.9 KB 	 94981
241	406.0 KB 	 445		0.0 B 	 0
242	0.0 B 	 0		0.0 B 	 0
243	511.6 KB 	 597		196.0 B 	 9
244	192.0 KB 	 184	4 ms	375.0 KB 	 58644
245	4.9 MB 	 5165	16 ms	12.5 MB 	 1652327
246	137.7 KB 	 200	2 ms	376.0 KB 	 65360
247	609.2 KB 	 676	8 ms	1731.1 KB 	 307591
248	758.6 KB 	 926	9 ms	2.1 MB 	 366466
249	0.0 B 	 0		0.0 B 	 0
250	0.0 B 	 0		0.0 B 	 0
251	43.2 KB 	 41		0.0 B 	 0
252	0.0 B 	 0		0.0 B 	 0
253	0.0 B 	 0		0.0 B 	 0
254	570.1 KB 	 698	24 ms	1524.4 KB 	 280865
255	1426.8 KB 	 1512	13 ms	3.2 MB 	 577623
256	583.7 KB 	 673	9 ms	1068.4 KB 	 185929
257	131.6 KB 	 112		0.0 B 	 0
258	0.0 B 	 0		0.0 B 	 0
259	150.8 KB 	 212	3 ms	330.6 KB 	 54459
260	938.4 KB 	 939	10 ms	2.6 MB 	 480833
261	0.0 B 	 0		0.0 B 	 0
262	552.0 KB 	 545	22 ms	1728.7 KB 	 311185
263	0.0 B 	 0		0.0 B 	 0
264	0.0 B 	 0		0.0 B 	 0
265	4.9 MB 	 5101	15 ms	10.3 MB 	 1317415
266	1232.1 KB 	 1287	11 ms	2.1 MB 	 367562
267	0.0 B 	 0		0.0 B 	 0
268	589.3 KB 	 560	15 ms	424.2 KB 	 71456
269	0.0 B 	 0		0.0 B 	 0
270	762.1 KB 	 812	7 ms	1546.2 KB 	 277571
271	320.0 KB 	 351	6 ms	562.5 KB 	 92099
272	497.6 KB 	 608	7 ms	375.6 KB 	 56688
273	1104.8 KB 	 1071	48 ms	1963.8 KB 	 329285
274	0.0 B 	 0		0.0 B 	 0
275	553.7 KB 	 668	7 ms	1213.8 KB 	 207368
276	135.0 KB 	 189	8 ms	240.1 KB 	 35805
277	0.0 B 	 0		0.0 B 	 0
278	968.0 B 	 9		195.0 B 	 9
279	0.0 B 	 0		0.0 B 	 0
280	65.2 KB 	 63		0.0 B 	 0
281	1182.7 KB 	 1287	38 ms	2.4 MB 	 423841
282	968.0 B 	 9		196.0 B 	 9
283	280.3 KB 	 250	15 ms	489.6 KB 	 80367
284	231.3 KB 	 229	11 ms	445.1 KB 	 71628
285	1350.6 KB 	 1387	10 ms	953.5 KB 	 166464
286	1587.8 KB 	 1574	13 ms	4.6 MB 	 805266
287	0.0 B 	 0		0.0 B 	 0
288	0.0 B 	 0		0.0 B 	 0
289	628.6 KB 	 549	22 ms	1052.6 KB 	 182017
290	968.0 B 	 9		193.0 B 	 9
291	1061.9 KB 	 1172	18 ms	506.0 KB 	 79530
292	412.8 KB 	 397	5 ms	782.2 KB 	 131796
293	134.8 KB 	 144	40 ms	286.5 KB 	 47796
294	314.2 KB 	 311	4 ms	528.2 KB 	 89903
295	759.5 KB 	 829	14 ms	2.5 MB 	 486049
296	163.6 KB 	 213	9 ms	300.9 KB 	 44748
297	0.0 B 	 0		0.0 B 	 0
298	1927.7 KB 	 1995	10 ms	445.4 KB 	 78499
299	420.1 KB 	 479	9 ms	474.6 KB 	 79838
300	456.2 KB 	 484	6 ms	779.0 KB 	 134255
301	89.6 KB 	 113	9 ms	180.9 KB 	 26496
302	756.0 B 	 7		179.0 B 	 7
303	1250.7 KB 	 1464	13 ms	2.6 MB 	 473125
304	0.0 B 	 0		0.0 B 	 0
305	69.5 KB 	 123	3 ms	141.2 KB 	 23212
306	608.8 KB 	 634		0.0 B 	 0
307	82.7 KB 	 88	2 ms	166.4 KB 	 24972
308	1952.0 B 	 19		278.0 B 	 19
309	0.0 B 	 0		0.0 B 	 0
310	972.0 B 	 9		197.0 B 	 9
311	191.0 KB 	 247	4 ms	783.1 KB 	 159808
312	341.3 KB 	 320	13 ms	415.6 KB 	 66953
313	299.3 KB 	 244		196.0 B 	 9
314	0.0 B 	 0		0.0 B 	 0
315	305.5 KB 	 346	6 ms	578.7 KB 	 96503
316	161.8 KB 	 196	4 ms	395.2 KB 	 58016
317	807.4 KB 	 795	8 ms	2.4 MB 	 429420
318	1344.6 KB 	 1434	49 ms	2.7 MB 	 480646
319	756.0 B 	 7		175.0 B 	 7
320	216.0 KB 	 190	4 ms	586.4 KB 	 104595
321	0.0 B 	 0		0.0 B 	 0
322	129.3 KB 	 203	8 ms	255.8 KB 	 33682
323	938.2 KB 	 965	2 ms	262.4 KB 	 40645
324	123.4 KB 	 146	5 ms	333.4 KB 	 62649
325	0.0 B 	 0		0.0 B 	 0
326	203.2 KB 	 329	29 ms	548.2 KB 	 90144
327	469.5 KB 	 535	15 ms	993.9 KB 	 175364
328	0.0 B 	 0		0.0 B 	 0
329	57.4 KB 	 51		193.0 B 	 9
330	1009.0 KB 	 1003	8 ms	1731.5 KB 	 295735
331	876.0 B 	 9		192.0 B 	 9
332	101.2 KB 	 127	2 ms	187.7 KB 	 27377
333	0.0 B 	 0		0.0 B 	 0
334	215.0 KB 	 193	2 ms	90.8 KB 	 13464
335	565.9 KB 	 618	5 ms	867.6 KB 	 144463
336	0.0 B 	 0		0.0 B 	 0
337	113.3 KB 	 123	2 ms	214.7 KB 	 30712
338	323.1 KB 	 317	3 ms	338.5 KB 	 57381
339	916.6 KB 	 884	18 ms	1619.3 KB 	 271194
340	6.0 MB 	 6486	34 ms	25.6 MB 	 3118057
341	960.0 B 	 9		196.0 B 	 9
342	0.0 B 	 0		0.0 B 	 0
343	968.0 B 	 9		196.0 B 	 9
344	0.0 B 	 0		0.0 B 	 0
345	0.0 B 	 0		0.0 B 	 0
346	1041.5 KB 	 1264	11 ms	2.0 MB 	 359393
347	0.0 B 	 0		0.0 B 	 0
348	96.9 KB 	 152	3 ms	265.0 KB 	 45818
349	325.3 KB 	 399		0.0 B 	 0
350	438.3 KB 	 411		0.0 B 	 0
351	0.0 B 	 0		0.0 B 	 0
352	1002.5 KB 	 1007		0.0 B 	 0
353	420.5 KB 	 505		0.0 B 	 0
354	876.0 B 	 9		188.0 B 	 9
355	377.5 KB 	 412	4 ms	716.3 KB 	 118505
356	267.7 KB 	 282	12 ms	484.7 KB 	 77539
357	502.0 KB 	 561	18 ms	1607.2 KB 	 297418
358	0.0 B 	 0		0.0 B 	 0
359	437.1 KB 	 527	5 ms	1027.3 KB 	 178554
360	1367.7 KB 	 1345		0.0 B 	 0
361	256.5 KB 	 268		196.0 B 	 9
362	523.9 KB 	 530	15 ms	1112.8 KB 	 196294
363	112.6 KB 	 140	6 ms	216.0 KB 	 30624
364	488.2 KB 	 460	17 ms	1314.1 KB 	 242829
365	0.0 B 	 0		0.0 B 	 0
366	0.0 B 	 0		0.0 B 	 0
367	608.2 KB 	 661	7 ms	1093.6 KB 	 175956
368	399.5 KB 	 359		0.0 B 	 0
369	157.8 KB 	 201	3 ms	471.2 KB 	 76484
370	323.9 KB 	 352	2 ms	305.1 KB 	 52706
371	0.0 B 	 0		0.0 B 	 0
372	824.5 KB 	 941	17 ms	987.0 KB 	 175808
373	972.0 B 	 9		196.0 B 	 9
374	163.1 KB 	 162	3 ms	360.4 KB 	 59094
375	529.8 KB 	 505	6 ms	1101.1 KB 	 192388
376	208.5 KB 	 284	9 ms	382.5 KB 	 59022
377	0.0 B 	 0		0.0 B 	 0
378	1058.0 KB 	 985	32 ms	1630.2 KB 	 299791
379	872.0 B 	 9		191.0 B 	 9
380	0.0 B 	 0		0.0 B 	 0
381	492.3 KB 	 502	7 ms	1393.8 KB 	 245100
382	605.9 KB 	 804	10 ms	1858.0 KB 	 319500
383	752.4 KB 	 794	7 ms	1560.8 KB 	 280929
384	710.8 KB 	 798	18 ms	1367.2 KB 	 236065
385	174.6 KB 	 165		0.0 B 	 0
386	0.0 B 	 0		0.0 B 	 0
387	1870.0 B 	 18		313.0 B 	 18
388	0.0 B 	 0		0.0 B 	 0
389	632.5 KB 	 698	5 ms	927.4 KB 	 166761
390	248.3 KB 	 230	5 ms	756.7 KB 	 144650
391	0.0 B 	 0		0.0 B 	 0
392	0.0 B 	 0		0.0 B 	 0
393	966.4 KB 	 1138	14 ms	2.9 MB 	 525823
394	404.5 KB 	 422	5 ms	739.8 KB 	 117355
395	0.0 B 	 0		0.0 B 	 0
396	840.5 KB 	 866	9 ms	2.5 MB 	 448200
397	1185.2 KB 	 1141	15 ms	735.5 KB 	 128891
398	152.2 KB 	 155		0.0 B 	 0
399	661.7 KB 	 853	6 ms	497.1 KB 	 71506
400	0.0 B 	 0		0.0 B 	 0
401	126.0 KB 	 159	7 ms	228.1 KB 	 34012
402	0.0 B 	 0		0.0 B 	 0
403	171.9 KB 	 193	6 ms	464.2 KB 	 83505
404	756.0 B 	 7		178.0 B 	 7
405	0.0 B 	 0		0.0 B 	 0
406	88.1 KB 	 111	2 ms	165.0 KB 	 23628
407	252.0 KB 	 310	3 ms	475.7 KB 	 79740
408	278.9 KB 	 301	7 ms	477.9 KB 	 78272
409	160.4 KB 	 177		0.0 B 	 0
410	462.2 KB 	 647	29 ms	1894.0 KB 	 350030
411	281.5 KB 	 264		195.0 B 	 9
412	126.7 KB 	 131	8 ms	254.4 KB 	 38745
413	394.8 KB 	 479	13 ms	1061.2 KB 	 185886
414	0.0 B 	 0		0.0 B 	 0
415	418.6 KB 	 397	2 ms	387.6 KB 	 63492
416	329.2 KB 	 346	15 ms	928.7 KB 	 164654
417	1772.4 KB 	 2043	40 ms	2.6 MB 	 455379
418	280.2 KB 	 332	3 ms	511.5 KB 	 82634
419	1416.0 B 	 14		236.0 B 	 14
420	818.7 KB 	 979	9 ms	1706.2 KB 	 302884
421	241.1 KB 	 289	13 ms	663.2 KB 	 117059
422	345.5 KB 	 345	5 ms	596.5 KB 	 98637
423	0.0 B 	 0		0.0 B 	 0
424	0.0 B 	 0		0.0 B 	 0
425	1781.3 KB 	 1864	13 ms	3.9 MB 	 654898
426	971.0 B 	 9		196.0 B 	 9
427	0.0 B 	 0		0.0 B 	 0
428	0.0 B 	 0		0.0 B 	 0
429	0.0 B 	 0		0.0 B 	 0
430	0.0 B 	 0		0.0 B 	 0
431	0.0 B 	 0		0.0 B 	 0
432	167.2 KB 	 165	2 ms	314.4 KB 	 51024
433	304.8 KB 	 354	1 ms	144.0 KB 	 20339
434	2.4 KB 	 23		357.0 B 	 23
435	726.9 KB 	 736	15 ms	1963.3 KB 	 365778
436	0.0 B 	 0		0.0 B 	 0
437	972.0 B 	 9		195.0 B 	 9
438	39.0 KB 	 94		87.5 KB 	 10901
439	548.3 KB 	 465	8 ms	1185.8 KB 	 203784
440	250.4 KB 	 277	18 ms	553.2 KB 	 89348
441	137.1 KB 	 189	10 ms	356.4 KB 	 63034
442	0.0 B 	 0		0.0 B 	 0
443	968.0 B 	 9		197.0 B 	 9
444	522.0 KB 	 544	17 ms	899.6 KB 	 150315
445	326.9 KB 	 286	5 ms	683.1 KB 	 116739
446	873.9 KB 	 839	11 ms	2.5 MB 	 437114
447	0.0 B 	 0		0.0 B 	 0
448	125.1 KB 	 219		0.0 B 	 0
449	0.0 B 	 0		0.0 B 	 0
450	276.9 KB 	 296	19 ms	758.8 KB 	 129231
451	0.0 B 	 0		0.0 B 	 0
452	0.0 B 	 0		0.0 B 	 0
453	148.0 KB 	 221	18 ms	426.8 KB 	 70338
454	236.5 KB 	 306	5 ms	573.3 KB 	 98488
455	0.0 B 	 0		0.0 B 	 0
456	981.0 KB 	 1155	10 ms	2.3 MB 	 425075
457	0.0 B 	 0		0.0 B 	 0
458	217.9 KB 	 271	3 ms	483.6 KB 	 81495
459	141.4 KB 	 183	4 ms	378.5 KB 	 66138
460	460.0 KB 	 535	30 ms	1634.7 KB 	 299623
461	0.0 B 	 0		0.0 B 	 0
462	861.2 KB 	 916	9 ms	1181.5 KB 	 200618
463	0.0 B 	 0		0.0 B 	 0
464	748.6 KB 	 834	11 ms	1384.1 KB 	 240109
465	770.8 KB 	 841	9 ms	2.0 MB 	 360238
466	203.1 KB 	 167		194.0 B 	 9
467	0.0 B 	 0		0.0 B 	 0
468	260.4 KB 	 329	2 ms	356.7 KB 	 55384
469	972.0 B 	 9		198.0 B 	 9
470	423.1 KB 	 425	20 ms	743.3 KB 	 122502
471	964.0 B 	 9		194.0 B 	 9
472	0.0 B 	 0		0.0 B 	 0
473	1418.8 KB 	 1500	11 ms	3.6 MB 	 609833
474	297.2 KB 	 360	13 ms	565.9 KB 	 91048
475	626.1 KB 	 689	48 ms	1334.4 KB 	 226121
476	0.0 B 	 0		0.0 B 	 0
477	147.0 KB 	 113	3 ms	267.4 KB 	 43263
478	369.1 KB 	 390	7 ms	783.3 KB 	 136437
479	0.0 B 	 0		0.0 B 	 0
480	187.5 KB 	 179		0.0 B 	 0
481	137.7 KB 	 152	8 ms	232.8 KB 	 38170
482	626.8 KB 	 688	16 ms	1774.0 KB 	 317718
483	0.0 B 	 0		0.0 B 	 0
484	0.0 B 	 0		0.0 B 	 0
485	0.0 B 	 0		0.0 B 	 0
486	309.3 KB 	 343	9 ms	599.3 KB 	 100090
487	1080.0 B 	 10		205.0 B 	 10
488	755.1 KB 	 769	20 ms	1534.5 KB 	 267909
489	732.2 KB 	 775	6 ms	1315.6 KB 	 223846
490	154.3 KB 	 235	13 ms	439.4 KB 	 82389
491	748.0 B 	 7		176.0 B 	 7
492	203.0 KB 	 290	2 ms	189.8 KB 	 26356
493	0.0 B 	 0		0.0 B 	 0
494	203.0 KB 	 227	18 ms	574.8 KB 	 100130
495	189.9 KB 	 224		0.0 B 	 0
496	1784.3 KB 	 1784	21 ms	5.3 MB 	 947340
497	0.0 B 	 0		0.0 B 	 0
498	0.0 B 	 0		0.0 B 	 0
499	545.3 KB 	 529		0.0 B 	 0
500	0.0 B 	 0		0.0 B 	 0
501	0.0 B 	 0		0.0 B 	 0
502	0.0 B 	 0		0.0 B 	 0
503	0.0 B 	 0		0.0 B 	 0
504	255.3 KB 	 307	5 ms	488.7 KB 	 80376
505	478.7 KB 	 486	6 ms	889.7 KB 	 150321
506	600.5 KB 	 630	30 ms	1293.3 KB 	 232306
507	0.0 B 	 0		0.0 B 	 0
508	129.2 KB 	 181		0.0 B 	 0
509	130.8 KB 	 191		424.0 B 	 31
510	136.5 KB 	 157	2 ms	288.7 KB 	 46718
511	165.0 KB 	 175		179.0 B 	 7
512	968.0 B 	 9		196.0 B 	 9
513	219.5 KB 	 252	3 ms	389.6 KB 	 61391
514	433.5 KB 	 447	18 ms	773.6 KB 	 125169
515	0.0 B 	 0		0.0 B 	 0
516	806.7 KB 	 977	8 ms	1702.6 KB 	 303398
517	6.9 MB 	 7657	36 ms	30.3 MB 	 3599967
518	814.4 KB 	 843	6 ms	1050.1 KB 	 177496
519	154.8 KB 	 167	2 ms	312.0 KB 	 52013
520	0.0 B 	 0		0.0 B 	 0
521	0.0 B 	 0		0.0 B 	 0
522	309.1 KB 	 334	40 ms	838.3 KB 	 152560
523	0.0 B 	 0		0.0 B 	 0
524	145.2 KB 	 189	4 ms	434.4 KB 	 72059
525	355.5 KB 	 371	5 ms	623.6 KB 	 102663
526	1188.0 B 	 11		213.0 B 	 11
527	350.7 KB 	 349	5 ms	599.7 KB 	 102719
528	461.5 KB 	 430	8 ms	1023.5 KB 	 183353
529	212.5 KB 	 313	13 ms	672.0 KB 	 114009
530	1959.0 B 	 19		277.0 B 	 19
531	246.8 KB 	 282	2 ms	195.0 B 	 9
532	327.8 KB 	 397	15 ms	421.3 KB 	 66600
533	1519.0 B 	 15		233.0 B 	 15
534	0.0 B 	 0		0.0 B 	 0
535	131.2 KB 	 177	4 ms	274.2 KB 	 38148
536	183.6 KB 	 165	3 ms	327.5 KB 	 51535
537	230.8 KB 	 278	3 ms	489.5 KB 	 82614
538	483.7 KB 	 563	7 ms	1004.1 KB 	 168243
539	0.0 B 	 0		0.0 B 	 0
540	91.9 KB 	 104		0.0 B 	 0
541	307.5 KB 	 369		197.0 B 	 9
542	1288.0 B 	 12		216.0 B 	 12
543	1162.5 KB 	 1141	21 ms	2.0 MB 	 357644
544	972.0 B 	 9		195.0 B 	 9
545	63.9 KB 	 91	1 ms	131.9 KB 	 19847
546	968.0 B 	 9		192.0 B 	 9
547	512.1 KB 	 591		0.0 B 	 0
548	682.6 KB 	 725	11 ms	1425.5 KB 	 260072
549	748.0 B 	 7		178.0 B 	 7
550	496.8 KB 	 592	5 ms	884.4 KB 	 144078
551	585.8 KB 	 536	8 ms	1514.8 KB 	 282261
552	755.0 B 	 7		179.0 B 	 7
553	0.0 B 	 0		0.0 B 	 0
554	294.8 KB 	 329	20 ms	740.1 KB 	 143529
555	0.0 B 	 0		0.0 B 	 0
556	1015.2 KB 	 1017	10 ms	2.1 MB 	 393124
557	723.4 KB 	 749	19 ms	1482.2 KB 	 264802
558	7.0 MB 	 7531	24 ms	1240.9 KB 	 209726
559	385.0 KB 	 369	3 ms	243.7 KB 	 38366
560	1199.0 B 	 12		215.0 B 	 12
561	0.0 B 	 0		0.0 B 	 0
562	115.7 KB 	 128	1 ms	227.8 KB 	 34764
563	280.3 KB 	 249	11 ms	535.0 KB 	 97344
564	2.1 MB 	 2437	24 ms	4.1 MB 	 629442
565	239.6 KB 	 241	12 ms	952.1 KB 	 193056
566	0.0 B 	 0		0.0 B 	 0
567	520.3 KB 	 511		14.8 KB 	 1936
568	0.0 B 	 0		0.0 B 	 0
569	1313.9 KB 	 1478	10 ms	2.3 MB 	 393901
570	1940.0 B 	 18		317.0 B 	 18
571	164.3 KB 	 157		0.0 B 	 0
572	0.0 B 	 0		0.0 B 	 0
573	90.8 KB 	 121	3 ms	215.8 KB 	 30433
574	0.0 B 	 0		0.0 B 	 0
575	960.0 B 	 9		193.0 B 	 9
576	250.0 KB 	 382	4 ms	89.0 KB 	 13314
577	578.2 KB 	 700	14 ms	1012.9 KB 	 169967
578	472.9 KB 	 542	17 ms	776.1 KB 	 137780
579	0.0 B 	 0		0.0 B 	 0
580	0.0 B 	 0		0.0 B 	 0
581	864.0 B 	 8		188.0 B 	 8
582	1417.1 KB 	 1412	9 ms	3.2 MB 	 529293
583	0.0 B 	 0		0.0 B 	 0
584	159.8 KB 	 213	3 ms	316.9 KB 	 44484
585	0.0 B 	 0		0.0 B 	 0
586	4.4 MB 	 4630	13 ms	10.4 MB 	 1361591
587	0.0 B 	 0		0.0 B 	 0
588	919.9 KB 	 1046	2 ms	240.3 KB 	 33120
589	972.0 B 	 9		190.0 B 	 9
590	971.0 B 	 9		192.0 B 	 9
591	98.6 KB 	 156	2 ms	198.7 KB 	 26488
592	1124.0 KB 	 1235	4 ms	380.0 KB 	 59816
593	0.0 B 	 0		0.0 B 	 0
594	1188.0 B 	 11		214.0 B 	 11
595	876.0 B 	 9		193.0 B 	 9
596	85.0 KB 	 126	1 ms	167.3 KB 	 23024
597	1269.0 KB 	 1286	10 ms	2.6 MB 	 489170
598	390.6 KB 	 378	5 ms	373.2 KB 	 53470
599	0.0 B 	 0		0.0 B 	 0
600	769.6 KB 	 768	6 ms	1066.5 KB 	 181960
601	372.2 KB 	 368	3 ms	550.6 KB 	 96453
602	0.0 B 	 0		0.0 B 	 0
603	0.0 B 	 0		0.0 B 	 0
604	988.2 KB 	 1081	11 ms	388.1 KB 	 65251
605	167.9 KB 	 181	10 ms	306.6 KB 	 46387
606	1939.0 B 	 18		314.0 B 	 18
607	108.3 KB 	 146	9 ms	443.6 KB 	 79866
608	341.1 KB 	 422		197.0 B 	 9
609	41.1 KB 	 82	1 ms	96.8 KB 	 12740
610	0.0 B 	 0		0.0 B 	 0
611	0.0 B 	 0		0.0 B 	 0
612	0.0 B 	 0		0.0 B 	 0
613	0.0 B 	 0		0.0 B 	 0
614	482.3 KB 	 570	8 ms	1477.7 KB 	 265423
615	2.0 KB 	 21		342.0 B 	 21
616	966.7 KB 	 984	9 ms	1456.8 KB 	 246224
617	0.0 B 	 0		0.0 B 	 0
618	0.0 B 	 0		0.0 B 	 0
619	703.9 KB 	 730		0.0 B 	 0
620	0.0 B 	 0		0.0 B 	 0
621	480.7 KB 	 562	6 ms	1383.6 KB 	 245347
622	1075.0 B 	 10		205.0 B 	 10
623	162.2 KB 	 115		196.0 B 	 9
624	534.7 KB 	 533	4 ms	741.7 KB 	 126677
625	569.6 KB 	 532	16 ms	328.1 KB 	 58311
626	708.6 KB 	 853	15 ms	974.6 KB 	 164797
627	0.0 B 	 0		0.0 B 	 0
628	968.0 B 	 9		191.0 B 	 9
629	6.6 MB 	 6986	76 ms	16.5 MB 	 2139167
630	147.1 KB 	 169		0.0 B 	 0
631	1126.2 KB 	 1051	6 ms	799.9 KB 	 135542
632	968.0 B 	 9		193.0 B 	 9
633	0.0 B 	 0		0.0 B 	 0
634	971.0 B 	 9		196.0 B 	 9
635	2.1 KB 	 20		334.0 B 	 20
636	401.4 KB 	 526	12 ms	566.6 KB 	 97147
637	0.0 B 	 0		0.0 B 	 0
638	861.2 KB 	 819	19 ms	1859.9 KB 	 328468
639	0.0 B 	 0		0.0 B 	 0
640	72.4 KB 	 122	1 ms	133.1 KB 	 18810
641	326.9 KB 	 378	4 ms	528.1 KB 	 85549
642	830.6 KB 	 892	10 ms	1458.4 KB 	 238931
643	517.7 KB 	 514	8 ms	915.4 KB 	 150909
644	351.4 KB 	 389	5 ms	628.1 KB 	 105757
645	451.9 KB 	 481	5 ms	800.4 KB 	 129899
646	877.0 KB 	 904	29 ms	242.8 KB 	 33856
647	234.1 KB 	 261	4 ms	412.8 KB 	 66308
648	0.0 B 	 0		0.0 B 	 0
649	0.0 B 	 0		0.0 B 	 0
650	0.0 B 	 0		0.0 B 	 0
651	1009.0 KB 	 1109	7 ms	1050.2 KB 	 181165
652	467.5 KB 	 416	22 ms	637.5 KB 	 122151
653	0.0 B 	 0		0.0 B 	 0
654	445.8 KB 	 480	5 ms	1198.8 KB 	 221853
655	710.9 KB 	 769	57 ms	1175.0 KB 	 205965
656	485.9 KB 	 432		197.0 B 	 9
657	968.0 B 	 9		191.0 B 	 9
658	1199.2 KB 	 1189	19 ms	1440.8 KB 	 237345
659	872.0 B 	 9		191.0 B 	 9
660	2.2 MB 	 2103		0.0 B 	 0
661	33.6 KB 	 29		0.0 B 	 0
662	402.2 KB 	 346		0.0 B 	 0
663	949.8 KB 	 1025	41 ms	1666.0 KB 	 279750
664	132.0 KB 	 149	3 ms	245.9 KB 	 36289
665	717.8 KB 	 873	2 ms	255.9 KB 	 46384
666	0.0 B 	 0		0.0 B 	 0
667	727.9 KB 	 740	9 ms	349.4 KB 	 56657
668	972.0 B 	 9		198.0 B 	 9
669	755.0 B 	 7		178.0 B 	 7
670	202.3 KB 	 217	11 ms	369.6 KB 	 57648
671	0.0 B 	 0		0.0 B 	 0
672	413.3 KB 	 474	8 ms	996.7 KB 	 171300
673	143.6 KB 	 171		192.0 B 	 9
674	142.5 KB 	 218		195.0 B 	 9
675	0.0 B 	 0		0.0 B 	 0
676	968.0 B 	 9		196.0 B 	 9
677	0.0 B 	 0		0.0 B 	 0
678	0.0 B 	 0		0.0 B 	 0
679	0.0 B 	 0		0.0 B 	 0
680	140.6 KB 	 169		0.0 B 	 0
681	306.1 KB 	 348	5 ms	643.4 KB 	 109097
682	858.5 KB 	 767	3 ms	231.6 KB 	 35893
683	243.5 KB 	 340	14 ms	474.0 KB 	 75624
684	807.5 KB 	 757	13 ms	392.8 KB 	 64733
685	756.0 B 	 7		179.0 B 	 7
686	0.0 B 	 0		0.0 B 	 0
687	0.0 B 	 0		0.0 B 	 0
688	0.0 B 	 0		0.0 B 	 0
689	389.6 KB 	 467	5 ms	681.8 KB 	 112827
690	0.0 B 	 0		0.0 B 	 0
691	0.0 B 	 0		0.0 B 	 0
692	1939.0 B 	 18		319.0 B 	 18
693	972.0 B 	 9		197.0 B 	 9
694	504.4 KB 	 685	47 ms	1224.3 KB 	 213920
695	388.1 KB 	 491	3 ms	384.1 KB 	 59785
696	306.9 KB 	 352	3 ms	476.0 KB 	 82412
697	0.0 B 	 0		0.0 B 	 0
698	185.2 KB 	 241	6 ms	502.0 KB 	 91028
699	78.0 KB 	 91	1 ms	220.4 KB 	 38540
700	0.0 B 	 0		0.0 B 	 0
701	453.6 KB 	 449	16 ms	955.4 KB 	 165269
702	150.7 KB 	 173	9 ms	284.9 KB 	 45729
703	964.0 B 	 9		192.0 B 	 9
704	280.0 B 	 2		0.0 B 	 0
705	409.1 KB 	 352	2 ms	243.8 KB 	 39105
706	194.0 KB 	 214	61 ms	561.8 KB 	 98529
707	0.0 B 	 0		0.0 B 	 0
708	837.5 KB 	 889	5 ms	1117.2 KB 	 182127
709	523.6 KB 	 628	7 ms	1496.8 KB 	 265088
710	0.0 B 	 0		0.0 B 	 0
711	194.8 KB 	 283	4 ms	384.2 KB 	 55955
712	2.4 MB 	 2379	21 ms	4.7 MB 	 724310
713	5.1 MB 	 5444	16 ms	13.8 MB 	 1699821
714	120.0 KB 	 126		197.0 B 	 9
715	1918.8 KB 	 2013	20 ms	3.4 MB 	 564399
716	422.0 KB 	 484	16 ms	1057.1 KB 	 191785
717	345.4 KB 	 373	46 ms	631.5 KB 	 104072
718	972.0 B 	 9		197.0 B 	 9
719	146.9 KB 	 143	9 ms	377.1 KB 	 71364
720	319.8 KB 	 434	4 ms	807.2 KB 	 138125
721	606.2 KB 	 602	8 ms	1129.5 KB 	 191386
722	0.0 B 	 0		0.0 B 	 0
723	898.5 KB 	 924	8 ms	768.8 KB 	 123170
724	388.3 KB 	 400	25 ms	663.7 KB 	 113520
725	266.5 KB 	 316		0.0 B 	 0
726	854.5 KB 	 794	17 ms	1309.2 KB 	 224796
727	1158.0 KB 	 1190	7 ms	1960.6 KB 	 324511
728	0.0 B 	 0		0.0 B 	 0
729	244.8 KB 	 242	8 ms	529.7 KB 	 88788
730	0.0 B 	 0		0.0 B 	 0
731	366.3 KB 	 411		213.0 B 	 11
732	342.3 KB 	 447	5 ms	907.4 KB 	 163090
733	159.4 KB 	 196	6 ms	372.6 KB 	 60510
734	1402.5 KB 	 1313	14 ms	552.4 KB 	 90372
735	217.8 KB 	 217	13 ms	571.8 KB 	 99558
736	590.2 KB 	 645	22 ms	1190.5 KB 	 204369
737	476.4 KB 	 535	14 ms	897.3 KB 	 152095
738	428.9 KB 	 464	15 ms	848.5 KB 	 148183
739	967.0 B 	 9		195.0 B 	 9
740	968.0 B 	 9		195.0 B 	 9
741	82.5 KB 	 102	1 ms	160.6 KB 	 23111
742	848.6 KB 	 927	7 ms	1512.4 KB 	 249029
743	825.5 KB 	 878	7 ms	1412.8 KB 	 260775
744	1396.0 KB 	 1580	22 ms	2.7 MB 	 453984
745	351.5 KB 	 391	42 ms	948.5 KB 	 177454
746	3.0 MB 	 3344		0.0 B 	 0
747	1061.3 KB 	 1052	7 ms	1302.6 KB 	 224002
748	0.0 B 	 0		0.0 B 	 0
749	191.7 KB 	 234	10 ms	399.4 KB 	 64857
750	248.0 KB 	 284		0.0 B 	 0
751	0.0 B 	 0		0.0 B 	 0
752	146.4 KB 	 217	2 ms	298.3 KB 	 43641
753	0.0 B 	 0		0.0 B 	 0
754	310.7 KB 	 421	8 ms	728.6 KB 	 120161
755	854.6 KB 	 859	7 ms	1278.6 KB 	 231220
756	0.0 B 	 0		0.0 B 	 0
757	811.9 KB 	 834	8 ms	1427.6 KB 	 239976
758	0.0 B 	 0		0.0 B 	 0
759	877.3 KB 	 1048	26 ms	2.2 MB 	 408997
760	257.4 KB 	 234	12 ms	460.2 KB 	 71599
761	0.0 B 	 0		0.0 B 	 0
762	686.4 KB 	 585	19 ms	2.1 MB 	 417288
763	912.3 KB 	 895	1 ms	211.5 KB 	 35112
764	1055.8 KB 	 1086		0.0 B 	 0
765	1183.7 KB 	 1342	18 ms	2.7 MB 	 466172
766	226.6 KB 	 205	11 ms	504.9 KB 	 91981
767	124.5 KB 	 147	2 ms	269.9 KB 	 40430
768	1820.0 B 	 17		263.0 B 	 17
769	0.0 B 	 0		0.0 B 	 0
770	524.5 KB 	 529	7 ms	1481.9 KB 	 279440
771	305.9 KB 	 335	14 ms	767.1 KB 	 131857
772	703.8 KB 	 784	8 ms	1439.1 KB 	 261201
773	0.0 B 	 0		0.0 B 	 0
774	0.0 B 	 0		0.0 B 	 0
775	282.2 KB 	 306	3 ms	521.3 KB 	 83920
776	1070.5 KB 	 1190	21 ms	1923.4 KB 	 343356
777	0.0 B 	 0		0.0 B 	 0
778	564.4 KB 	 650	7 ms	1576.0 KB 	 285754
779	0.0 B 	 0		0.0 B 	 0
780	329.2 KB 	 263	6 ms	769.2 KB 	 140080
781	1060.1 KB 	 1102	7 ms	1896.4 KB 	 312061
782	174.9 KB 	 218	4 ms	350.8 KB 	 53520
783	472.6 KB 	 479	7 ms	1242.5 KB 	 222321
784	232.0 KB 	 193	12 ms	478.7 KB 	 83048
785	319.6 KB 	 299	10 ms	332.8 KB 	 50616
786	0.0 B 	 0		0.0 B 	 0
787	0.0 B 	 0		0.0 B 	 0
788	57.2 KB 	 59		0.0 B 	 0
789	353.0 KB 	 359	14 ms	700.1 KB 	 111960
790	728.2 KB 	 687	4 ms	473.2 KB 	 74982
791	2.9 MB 	 2995	7 ms	2040.2 KB 	 369445
792	237.0 KB 	 225		434.0 B 	 27
793	239.0 KB 	 196		191.0 B 	 9
794	199.6 KB 	 178	5 ms	371.3 KB 	 56331
795	0.0 B 	 0		0.0 B 	 0
796	317.1 KB 	 348	6 ms	864.0 KB 	 157168
797	287.3 KB 	 352	4 ms	498.1 KB 	 82940
798	7.0 MB 	 7655	19 ms	18.5 MB 	 2160103
799	0.0 B 	 0		0.0 B 	 0
800	0.0 B 	 0		0.0 B 	 0
801	164.8 KB 	 178		279.0 B 	 19
802	0.0 B 	 0		0.0 B 	 0
803	765.0 KB 	 890	6 ms	1609.9 KB 	 282480
804	0.0 B 	 0		0.0 B 	 0
805	193.1 KB 	 238	4 ms	536.3 KB 	 91029
806	0.0 B 	 0		0.0 B 	 0
807	0.0 B 	 0		0.0 B 	 0
808	531.1 KB 	 531	5 ms	595.7 KB 	 98318
809	307.9 KB 	 314	12 ms	940.7 KB 	 168411
810	0.0 B 	 0		0.0 B 	 0
811	0.0 B 	 0		0.0 B 	 0
812	875.0 KB 	 893	24 ms	1971.5 KB 	 342792
813	290.8 KB 	 336		0.0 B 	 0
814	52.9 KB 	 46	1 ms	93.2 KB 	 14223
815	0.0 B 	 0		0.0 B 	 0
816	158.4 KB 	 141		0.0 B 	 0
817	2.0 MB 	 2009		0.0 B 	 0
818	0.0 B 	 0		0.0 B 	 0
819	63.8 KB 	 87		192.0 B 	 9
820	1034.8 KB 	 1098	22 ms	1988.5 KB 	 333732
821	0.0 B 	 0		0.0 B 	 0
822	0.0 B 	 0		0.0 B 	 0
823	802.1 KB 	 856	7 ms	1860.6 KB 	 342967
824	1184.0 B 	 11		212.0 B 	 11
825	481.2 KB 	 561	6 ms	1378.2 KB 	 242022
826	511.1 KB 	 544	14 ms	752.5 KB 	 121917
827	318.4 KB 	 360	6 ms	607.3 KB 	 99367
828	0.0 B 	 0		0.0 B 	 0
829	1199.0 B 	 12		220.0 B 	 12
830	967.0 B 	 9		195.0 B 	 9
831	2.2 KB 	 21		302.0 B 	 21
832	1958.1 KB 	 2040	7 ms	3.7 MB 	 585676
833	0.0 B 	 0		0.0 B 	 0
834	0.0 B 	 0		0.0 B 	 0
835	273.3 KB 	 349	18 ms	918.5 KB 	 158295
836	763.0 KB 	 718	6 ms	1157.2 KB 	 205106
837	0.0 B 	 0		0.0 B 	 0
838	756.2 KB 	 818	22 ms	2.2 MB 	 404165
839	200.4 KB 	 200	11 ms	538.7 KB 	 96843
840	0.0 B 	 0		0.0 B 	 0
841	135.2 KB 	 128	8 ms	247.4 KB 	 41016
842	66.2 KB 	 81	17 ms	125.8 KB 	 21931
843	460.8 KB 	 395	3 ms	320.1 KB 	 45023
844	0.0 B 	 0		0.0 B 	 0
845	5.4 MB 	 5690	22 ms	20.3 MB 	 2556120
846	752.0 B 	 7		177.0 B 	 7
847	795.4 KB 	 918	7 ms	2015.1 KB 	 362369
848	0.0 B 	 0		0.0 B 	 0
849	876.0 B 	 9		192.0 B 	 9
850	27.4 MB 	 29562	0.1 s	125.0 MB 	 14329994
851	0.0 B 	 0		0.0 B 	 0
852	376.7 KB 	 388	7 ms	1143.0 KB 	 205821
853	106.0 KB 	 129	18 ms	195.3 KB 	 28468
854	1719.0 B 	 16		292.0 B 	 16
855	922.7 KB 	 954	6 ms	2.3 MB 	 424880
856	654.7 KB 	 645	17 ms	1464.2 KB 	 262610
857	0.0 B 	 0		0.0 B 	 0
858	188.7 KB 	 235	4 ms	658.0 KB 	 121125
859	0.0 B 	 0		0.0 B 	 0
860	709.8 KB 	 708	17 ms	1300.6 KB 	 221722
861	0.0 B 	 0		0.0 B 	 0
862	0.0 B 	 0		0.0 B 	 0
863	158.0 KB 	 200	4 ms	286.8 KB 	 43406
864	963.0 B 	 9		193.0 B 	 9
865	279.0 KB 	 305	7 ms	792.7 KB 	 137788
866	286.8 KB 	 317	6 ms	503.2 KB 	 84046
867	150.6 KB 	 155	2 ms	309.8 KB 	 45420
868	141.4 KB 	 232	2 ms	265.7 KB 	 39281
869	1870.3 KB 	 1949	9 ms	4.9 MB 	 806260
870	367.9 KB 	 412	15 ms	738.4 KB 	 123263
871	972.0 B 	 9		197.0 B 	 9
872	0.0 B 	 0		0.0 B 	 0
873	297.3 KB 	 314	5 ms	631.0 KB 	 110727
874	436.9 KB 	 397	15 ms	886.0 KB 	 158452
875	452.8 KB 	 538	5 ms	838.3 KB 	 131057
876	972.0 B 	 9		192.0 B 	 9
877	0.0 B 	 0		0.0 B 	 0
878	0.0 B 	 0		0.0 B 	 0
879	984.0 B 	 10		201.0 B 	 10
880	971.0 B 	 9		193.0 B 	 9
881	94.3 KB 	 119	1 ms	170.8 KB 	 26411
882	879.7 KB 	 983	17 ms	1273.7 KB 	 209187
883	0.0 B 	 0		0.0 B 	 0
884	202.8 KB 	 215	3 ms	505.9 KB 	 87533
885	271.8 KB 	 306	14 ms	523.6 KB 	 84696
886	752.0 B 	 7		174.0 B 	 7
887	561.6 KB 	 516	5 ms	893.7 KB 	 154596
888	0.0 B 	 0		0.0 B 	 0
889	239.0 KB 	 251	12 ms	420.4 KB 	 67307
890	272.7 KB 	 298	15 ms	657.0 KB 	 112341
891	25.1 MB 	 27026	0.1 s	91.6 MB 	 10474149
892	294.1 KB 	 285		284.0 B 	 20
893	0.0 B 	 0		0.0 B 	 0
894	0.0 B 	 0		0.0 B 	 0
895	249.2 KB 	 316	5 ms	759.3 KB 	 132531
896	218.6 KB 	 260	6 ms	427.5 KB 	 65169
897	972.0 B 	 9		195.0 B 	 9
898	250.2 KB 	 279		0.0 B 	 0
899	3.6 MB 	 3992	21 ms	8.3 MB 	 1091717
900	660.0 B 	 7		174.0 B 	 7
901	46.5 KB 	 105	4 ms	112.8 KB 	 14905
902	550.4 KB 	 509		0.0 B 	 0
903	160.2 KB 	 166		0.0 B 	 0
904	179.1 KB 	 223	3 ms	343.1 KB 	 51040
905	0.0 B 	 0		0.0 B 	 0
906	342.4 KB 	 354	13 ms	587.7 KB 	 95555
907	1072.4 KB 	 1151	12 ms	479.4 KB 	 76610
908	528.2 KB 	 556	5 ms	568.1 KB 	 89914
909	0.0 B 	 0		0.0 B 	 0
910	329.9 KB 	 339	11 ms	643.2 KB 	 116464
911	0.0 B 	 0		0.0 B 	 0
912	964.0 B 	 9		190.0 B 	 9
913	1184.0 B 	 11		213.0 B 	 11
914	1296.0 B 	 12		223.0 B 	 12
915	0.0 B 	 0		0.0 B 	 0
916	0.0 B 	 0		0.0 B 	 0
917	0.0 B 	 0		0.0 B 	 0
918	57.0 KB 	 82	1 ms	127.6 KB 	 18326
919	701.3 KB 	 775	4 ms	837.9 KB 	 141942
920	2.8 KB 	 27		426.0 B 	 27
921	244.9 KB 	 262	4 ms	441.9 KB 	 70620
922	202.0 KB 	 255	1 ms	141.1 KB 	 22528
923	0.0 B 	 0		0.0 B 	 0
924	0.0 B 	 0		0.0 B 	 0
925	0.0 B 	 0		0.0 B 	 0
926	0.0 B 	 0		0.0 B 	 0
927	972.0 B 	 9		198.0 B 	 9
928	1727.0 B 	 17		262.0 B 	 17
929	667.4 KB 	 778	10 ms	533.2 KB 	 93014
930	728.3 KB 	 887	16 ms	1844.5 KB 	 335248
931	276.0 KB 	 283	4 ms	581.2 KB 	 98253
932	376.6 KB 	 399	16 ms	676.1 KB 	 107788
933	972.0 B 	 9		195.0 B 	 9
934	119.4 KB 	 125	8 ms	220.9 KB 	 33946
935	198.3 KB 	 261	3 ms	426.1 KB 	 65490
936	326.7 KB 	 398	4 ms	643.0 KB 	 104300
937	0.0 B 	 0		0.0 B 	 0
938	0.0 B 	 0		0.0 B 	 0
939	96.8 KB 	 107	11 ms	214.2 KB 	 31682
940	1180.0 B 	 11		212.0 B 	 11
941	225.9 KB 	 195	5 ms	429.5 KB 	 65439
942	149.1 KB 	 171	10 ms	362.3 KB 	 60784
943	104.3 KB 	 121		0.0 B 	 0
944	351.2 KB 	 415	13 ms	631.6 KB 	 100969
945	154.9 KB 	 161		0.0 B 	 0
946	1083.4 KB 	 939	7 ms	1899.1 KB 	 329832
947	0.0 B 	 0		0.0 B 	 0
948	111.0 KB 	 153	2 ms	194.2 KB 	 32268
949	459.2 KB 	 648	6 ms	1108.4 KB 	 193161
950	355.2 KB 	 412	5 ms	950.4 KB 	 167547
951	968.0 B 	 9		194.0 B 	 9
952	1376.0 KB 	 1510	7 ms	2.1 MB 	 380767
953	1987.2 KB 	 1894	8 ms	2.9 MB 	 494690
954	897.8 KB 	 906	6 ms	1572.5 KB 	 263593
955	0.0 B 	 0		0.0 B 	 0
956	252.1 KB 	 284	4 ms	561.2 KB 	 87659
957	756.0 B 	 7		178.0 B 	 7
958	409.5 KB 	 521		0.0 B 	 0
959	165.8 KB 	 194	3 ms	325.8 KB 	 47916
960	151.8 KB 	 162		191.0 B 	 9
961	183.6 KB 	 239	11 ms	494.6 KB 	 86678
962	0.0 B 	 0		0.0 B 	 0
963	741.0 KB 	 902	6 ms	2.1 MB 	 383484
964	1879.0 B 	 18		318.0 B 	 18
965	0.0 B 	 0		0.0 B 	 0
966	737.5 KB 	 845	6 ms	1365.7 KB 	 237790
967	0.0 B 	 0		0.0 B 	 0
968	455.0 KB 	 541	5 ms	861.5 KB 	 138017
969	414.3 KB 	 415	4 ms	736.9 KB 	 118437
970	532.9 KB 	 622	5 ms	1457.9 KB 	 266893
971	0.0 B 	 0		0.0 B 	 0
972	0.0 B 	 0		0.0 B 	 0
973	216.5 KB 	 194	3 ms	386.9 KB 	 60060
974	479.1 KB 	 419		178.0 B 	 7
975	0.0 B 	 0		0.0 B 	 0
976	1509.3 KB 	 1554	3 ms	811.6 KB 	 147861
977	0.0 B 	 0		0.0 B 	 0
978	197.3 KB 	 167		194.0 B 	 9
979	294.5 KB 	 393	3 ms	554.1 KB 	 87719
980	316.1 KB 	 307	3 ms	565.4 KB 	 90880
981	479.2 KB 	 483		0.0 B 	 0
982	354.5 KB 	 493	14 ms	1109.3 KB 	 194040
983	216.7 KB 	 196		196.0 B 	 9
984	313.7 KB 	 358		0.0 B 	 0
985	41.5 KB 	 53	4 ms	68.8 KB 	 10615
986	0.0 B 	 0		0.0 B 	 0
987	0.0 B 	 0		0.0 B 	 0
988	331.5 KB 	 402	3 ms	653.5 KB 	 113887
989	270.0 KB 	 273	3 ms	493.8 KB 	 76833
990	0.0 B 	 0		0.0 B 	 0
991	0.0 B 	 0		0.0 B 	 0
992	1382.9 KB 	 1503	19 ms	3.6 MB 	 669459
993	468.3 KB 	 473	17 ms	1524.3 KB 	 279594
994	118.9 KB 	 142	2 ms	228.9 KB 	 32261
995	840.7 KB 	 795	7 ms	2.3 MB 	 428716
996	0.0 B 	 0		0.0 B 	 0
997	0.0 B 	 0		0.0 B 	 0
998	239.6 KB 	 253	4 ms	666.5 KB 	 114883
999	308.5 KB 	 302		195.0 B 	 9
